{"type":"FeatureCollection","features":[{"type":"Feature","id":"way/27953716","properties":{"area":"yes","highway":"track","tracktype":"grade4","id":"way/27953716"},"geometry":{"type":"Polygon","coordinates":[[[-16.3809076,28.4290064],[-16.3809676,28.4289747],[-16.3809683,28.4289219],[-16.3809131,28.4288891],[-16.3808482,28.428922],[-16.3808625,28.4289904],[-16.3809076,28.4290064]]]}},{"type":"Feature","id":"way/102639955","properties":{"name":"Huelgues","natural":"scrub","place":"locality","id":"way/102639955"},"geometry":{"type":"Polygon","coordinates":[[[-16.395977,28.4269061],[-16.3960257,28.4268484],[-16.3962546,28.4266019],[-16.396446,28.4263158],[-16.3966476,28.4259597],[-16.3967282,28.4257964],[-16.3968224,28.4257269],[-16.3973631,28.4254216],[-16.3975247,28.4252449],[-16.3976479,28.4251692],[-16.3976424,28.4251066],[-16.3975742,28.4250216],[-16.3972384,28.4248543],[-16.3974431,28.4244021],[-16.3973864,28.4240922],[-16.3963998,28.4238385],[-16.3959198,28.4237376],[-16.3959321,28.4237315],[-16.3958829,28.4236938],[-16.3954734,28.4237531],[-16.3953744,28.4236631],[-16.3947059,28.4235613],[-16.3942868,28.4237364],[-16.3939565,28.4239881],[-16.3938428,28.4240568],[-16.3937827,28.4239942],[-16.3937996,28.4239359],[-16.3937956,28.4239189],[-16.3937709,28.4239056],[-16.3937447,28.4239164],[-16.3937066,28.4240415],[-16.3937004,28.4241355],[-16.3937294,28.4242429],[-16.3937914,28.4243663],[-16.3939196,28.4244869],[-16.3939702,28.424551],[-16.3940323,28.4246988],[-16.3940247,28.4247359],[-16.3939958,28.424784],[-16.3939455,28.42482],[-16.3939133,28.4248613],[-16.3939016,28.4249493],[-16.3939166,28.42503],[-16.3940278,28.4252145],[-16.3941672,28.4255403],[-16.3944067,28.4255864],[-16.3945266,28.4255961],[-16.3946995,28.4253925],[-16.3949075,28.4251886],[-16.3955552,28.4252879],[-16.3955901,28.4253669],[-16.3958009,28.4255715],[-16.3959385,28.4256848],[-16.3960674,28.4258638],[-16.3961063,28.4259962],[-16.3961047,28.4260679],[-16.3960425,28.4261342],[-16.3960037,28.4262335],[-16.3959908,28.4263527],[-16.3959454,28.4265653],[-16.3958895,28.4266528],[-16.3958608,28.4266813],[-16.3957207,28.4267432],[-16.3956864,28.4268119],[-16.395715,28.4269527],[-16.3957982,28.4270428],[-16.3958701,28.4270606],[-16.3959406,28.4269469],[-16.395977,28.4269061]]]}},{"type":"Feature","id":"way/105753763","properties":{"building":"yes","name":"Escuela Hogar","id":"way/105753763"},"geometry":{"type":"Polygon","coordinates":[[[-16.3684469,28.4235133],[-16.3684417,28.4234149],[-16.3682222,28.423424],[-16.3682089,28.4231756],[-16.3680938,28.4231804],[-16.3681089,28.4234629],[-16.3681515,28.4234611],[-16.3681779,28.4239543],[-16.3681263,28.4239564],[-16.368141,28.4242329],[-16.3682599,28.424228],[-16.3682465,28.4239778],[-16.3684685,28.4239687],[-16.3684632,28.4238696],[-16.3682789,28.4238772],[-16.3682599,28.423521],[-16.3684469,28.4235133]]]}},{"type":"Feature","id":"way/157560344","properties":{"landuse":"vineyard","source":"GRAFCAN OrtoExpress Urbana 2009; survey","id":"way/157560344"},"geometry":{"type":"Polygon","coordinates":[[[-16.3776509,28.4155374],[-16.3774863,28.4158073],[-16.377324,28.4160029],[-16.3772044,28.4161546],[-16.3771156,28.4163697],[-16.3769884,28.4165782],[-16.377141,28.416675],[-16.3772511,28.4167433],[-16.3776448,28.41618],[-16.3774402,28.4160548],[-16.3776715,28.4157986],[-16.3777426,28.415601],[-16.3776509,28.4155374]]]}},{"type":"Feature","id":"way/157560351","properties":{"landuse":"farmland","source":"GRAFCAN OrtoExpress Urbana 2009","id":"way/157560351"},"geometry":{"type":"Polygon","coordinates":[[[-16.3812363,28.4152003],[-16.3809576,28.4151203],[-16.3806591,28.4155125],[-16.3799426,28.4151992],[-16.3801654,28.4147111],[-16.3799232,28.4146447],[-16.3797093,28.4146752],[-16.3795804,28.4148052],[-16.3794231,28.4148937],[-16.3792407,28.4150956],[-16.3790677,28.4152367],[-16.3788287,28.4155853],[-16.3784181,28.4162583],[-16.3779155,28.4172167],[-16.377846,28.417681],[-16.3781699,28.4178807],[-16.3784472,28.4180053],[-16.378777,28.4181668],[-16.379262,28.4185919],[-16.379596,28.4186196],[-16.3797497,28.4186098],[-16.3798813,28.4184106],[-16.3798682,28.4179494],[-16.380135,28.4168602],[-16.3800908,28.4167872],[-16.3800516,28.4167068],[-16.3800837,28.4166266],[-16.3802322,28.4166372],[-16.3803548,28.416597],[-16.3804877,28.4166289],[-16.3806002,28.4166053],[-16.380814,28.4166261],[-16.3810089,28.4166386],[-16.3814124,28.4166611],[-16.3817084,28.4164297],[-16.3817056,28.4162125],[-16.3816733,28.4158885],[-16.3815286,28.4157363],[-16.3813567,28.4155429],[-16.3810497,28.4155724],[-16.3812363,28.4152003]]]}},{"type":"Feature","id":"way/162455713","properties":{"addr:housenumber":"99","amenity":"restaurant","building":"yes","description":"Especialidad en carnes a la brasa y quesos canarios, solo efectivo, no tarjeta","name":"La Terraza de Betty","old_name":"La Terraza de Betty Las Raíces","id":"way/162455713"},"geometry":{"type":"Polygon","coordinates":[[[-16.3780312,28.4259124],[-16.3781946,28.4258887],[-16.3781753,28.4257857],[-16.3780119,28.4258093],[-16.3780312,28.4259124]]]}},{"type":"Feature","id":"way/162455714","properties":{"building":"yes","id":"way/162455714"},"geometry":{"type":"Polygon","coordinates":[[[-16.3795568,28.4204797],[-16.3795046,28.4204237],[-16.3794406,28.4204699],[-16.3794928,28.4205258],[-16.3795568,28.4204797]]]}},{"type":"Feature","id":"way/194710571","properties":{"name":"Cordillera Dorsal","natural":"massif","wikidata":"Q2889979","wikipedia":"es:Cordillera Dorsal","id":"way/194710571"},"geometry":{"type":"Polygon","coordinates":[[[-16.3831975,28.4421064],[-16.3899892,28.4393501],[-16.3963629,28.4349398],[-16.4015872,28.4311726],[-16.4040949,28.4274053],[-16.4060801,28.4229946],[-16.4091103,28.4194108],[-16.4141256,28.4185837],[-16.4199769,28.4178485],[-16.4241564,28.415643],[-16.426873,28.4123346],[-16.4282313,28.4085666],[-16.4301121,28.4040632],[-16.4332467,28.4005706],[-16.4366948,28.3983647],[-16.4439044,28.3956992],[-16.4487108,28.3939528],[-16.4533082,28.391563],[-16.4574876,28.3897246],[-16.4599953,28.3873346],[-16.4626075,28.3846688],[-16.4634434,28.3810837],[-16.4635479,28.3772226],[-16.4661601,28.3761194],[-16.4673094,28.3728098],[-16.4674139,28.3708792],[-16.4679363,28.3678452],[-16.4688767,28.3668339],[-16.470653,28.3660983],[-16.4719068,28.3651789],[-16.4722203,28.363432],[-16.4722203,28.3613173],[-16.4759818,28.3579153],[-16.4784895,28.3569038],[-16.4803703,28.3559843],[-16.482669,28.3556165],[-16.4848632,28.3534097],[-16.486326,28.350835],[-16.4875799,28.3477085],[-16.490401,28.3449498],[-16.4928042,28.3429267],[-16.4951029,28.3402598],[-16.4964612,28.3361213],[-16.4963567,28.3291316],[-16.4960433,28.3231532],[-16.4873709,28.3213136],[-16.4813106,28.3226933],[-16.4775491,28.327752],[-16.4769222,28.3352936],[-16.4763998,28.3394321],[-16.4751459,28.3432025],[-16.4703395,28.3460533],[-16.4669959,28.3477085],[-16.4637569,28.3487201],[-16.4617984,28.3508414],[-16.4610402,28.3516626],[-16.4594729,28.356628],[-16.4576966,28.3626045],[-16.454562,28.3702356],[-16.4512184,28.3778661],[-16.4415012,28.3838415],[-16.4327243,28.3873346],[-16.4240519,28.3908276],[-16.4177827,28.396986],[-16.4163198,28.400203],[-16.415066,28.4031441],[-16.4134987,28.4047066],[-16.4099461,28.4064528],[-16.4048263,28.4068204],[-16.3978257,28.4127022],[-16.3969498,28.4135792],[-16.3956584,28.4148721],[-16.3893462,28.4211913],[-16.3880039,28.4225351],[-16.3736892,28.4255675],[-16.3736287,28.426419],[-16.3736203,28.4265371],[-16.3728931,28.4396425],[-16.3726444,28.4402688],[-16.3831975,28.4421064]]]}},{"type":"Feature","id":"way/223376126","properties":{"amenity":"place_of_worship","building":"church","building:levels":"1","denomination":"catholic","name":"Ermita Nuestra Señora de Candelaria","religion":"christian","start_date":"1982","wikidata":"Q98415832","wikimedia_commons":"Category:Nuestra Senora de la Candelaria","id":"way/223376126"},"geometry":{"type":"Polygon","coordinates":[[[-16.3656422,28.4243321],[-16.3656737,28.4242703],[-16.3656221,28.42425],[-16.3655906,28.4243119],[-16.3656422,28.4243321]]]}},{"type":"Feature","id":"way/223376133","properties":{"area":"yes","highway":"pedestrian","name":"Plaza Marina Sánchez Martín \"La Panasquera\"","surface":"sett","id":"way/223376133"},"geometry":{"type":"Polygon","coordinates":[[[-16.3656221,28.42425],[-16.3656737,28.4242703],[-16.3656966,28.4242793],[-16.3657303,28.424213],[-16.3656299,28.4241736],[-16.3655962,28.4242398],[-16.3656221,28.42425]]]}},{"type":"Feature","id":"way/242081542","properties":{"building":"industrial","building:levels":"1","id":"way/242081542"},"geometry":{"type":"Polygon","coordinates":[[[-16.3669148,28.4155145],[-16.366985,28.4154179],[-16.3668524,28.4153434],[-16.3667464,28.4154894],[-16.3667724,28.415504],[-16.366575,28.4157758],[-16.3666461,28.4158157],[-16.3668128,28.4155863],[-16.3668285,28.4155952],[-16.3668952,28.4155034],[-16.3669148,28.4155145]]]}},{"type":"Feature","id":"way/242081543","properties":{"building":"industrial","building:levels":"1","id":"way/242081543"},"geometry":{"type":"Polygon","coordinates":[[[-16.3671601,28.4155515],[-16.3671056,28.4155206],[-16.3668992,28.4158017],[-16.3669537,28.4158327],[-16.3671601,28.4155515]]]}},{"type":"Feature","id":"way/242081544","properties":{"building":"industrial","building:levels":"1","id":"way/242081544"},"geometry":{"type":"Polygon","coordinates":[[[-16.3670574,28.4160748],[-16.3673415,28.4157012],[-16.367259,28.4156526],[-16.3669749,28.4160262],[-16.3670574,28.4160748]]]}},{"type":"Feature","id":"way/242081545","properties":{"building":"industrial","building:levels":"1","id":"way/242081545"},"geometry":{"type":"Polygon","coordinates":[[[-16.3671634,28.4162001],[-16.3674661,28.41579],[-16.3673734,28.4157371],[-16.3670707,28.4161472],[-16.3671634,28.4162001]]]}},{"type":"Feature","id":"way/242081546","properties":{"building":"industrial","building:levels":"1","id":"way/242081546"},"geometry":{"type":"Polygon","coordinates":[[[-16.3671735,28.4157235],[-16.3672496,28.4156207],[-16.3671845,28.4155834],[-16.3669813,28.4158577],[-16.3670391,28.4158908],[-16.3671661,28.4157193],[-16.3671735,28.4157235]]]}},{"type":"Feature","id":"way/242081547","properties":{"building":"industrial","building:levels":"1","id":"way/242081547"},"geometry":{"type":"Polygon","coordinates":[[[-16.3670724,28.4155338],[-16.3670905,28.4155086],[-16.3670096,28.4154637],[-16.3667636,28.4158065],[-16.366826,28.4158411],[-16.3670538,28.4155235],[-16.3670724,28.4155338]]]}},{"type":"Feature","id":"way/492577256","properties":{"building":"yes","content":"water","man_made":"reservoir_covered","name":"Depósito Escuela Hogar","id":"way/492577256"},"geometry":{"type":"Polygon","coordinates":[[[-16.369452,28.4243725],[-16.369456,28.4242935],[-16.3693754,28.4242903],[-16.3693714,28.4243694],[-16.369452,28.4243725]]]}},{"type":"Feature","id":"way/494185783","properties":{"building":"barn","building:levels":"1","id":"way/494185783"},"geometry":{"type":"Polygon","coordinates":[[[-16.3803128,28.4110198],[-16.3802783,28.4110745],[-16.3803345,28.411107],[-16.3803732,28.4110593],[-16.3803128,28.4110198]]]}},{"type":"Feature","id":"way/496107867","properties":{"area":"yes","ele":"1160","highway":"pedestrian","lit":"no","name":"Mirador de Montaña Grande","source":"survey","surface":"asphalt","tourism":"viewpoint","wheelchair":"yes","wikidata":"Q114703989","id":"way/496107867"},"geometry":{"type":"Polygon","coordinates":[[[-16.379755,28.4283506],[-16.3796849,28.4283784],[-16.3796393,28.4284155],[-16.3796205,28.4284586],[-16.3796373,28.4285117],[-16.3796534,28.4285535],[-16.379705,28.4284898],[-16.3797399,28.4284303],[-16.379755,28.4283506]]]}},{"type":"Feature","id":"way/503742023","properties":{"building":"residential","building:levels":"1","id":"way/503742023"},"geometry":{"type":"Polygon","coordinates":[[[-16.3637385,28.4151184],[-16.363824,28.4151993],[-16.3638907,28.4151447],[-16.3638591,28.4151148],[-16.3638804,28.4150974],[-16.3638265,28.4150464],[-16.3637385,28.4151184]]]}},{"type":"Feature","id":"way/557788841","properties":{"building":"yes","building:levels":"1","id":"way/557788841"},"geometry":{"type":"Polygon","coordinates":[[[-16.3634343,28.4191768],[-16.3633957,28.4191633],[-16.3633347,28.4192977],[-16.3633733,28.4193113],[-16.3634343,28.4191768]]]}},{"type":"Feature","id":"way/557788842","properties":{"building":"detached","building:levels":"2","building:levels:underground":"1","id":"way/557788842"},"geometry":{"type":"Polygon","coordinates":[[[-16.3631634,28.4198243],[-16.3632682,28.419871],[-16.3633407,28.419745],[-16.3632359,28.4196984],[-16.3631634,28.4198243]]]}},{"type":"Feature","id":"way/557788843","properties":{"building":"yes","building:levels":"1","id":"way/557788843"},"geometry":{"type":"Polygon","coordinates":[[[-16.3634103,28.4196481],[-16.3633542,28.4196204],[-16.3633106,28.4196886],[-16.3633667,28.4197163],[-16.3634103,28.4196481]]]}},{"type":"Feature","id":"way/557788844","properties":{"building":"yes","building:levels":"1","id":"way/557788844"},"geometry":{"type":"Polygon","coordinates":[[[-16.3638796,28.4176421],[-16.3637924,28.4176752],[-16.3638083,28.4177075],[-16.3638955,28.4176744],[-16.3638796,28.4176421]]]}},{"type":"Feature","id":"way/557788845","properties":{"building":"yes","building:levels":"1","id":"way/557788845"},"geometry":{"type":"Polygon","coordinates":[[[-16.3626018,28.4173405],[-16.3626664,28.4172706],[-16.362602,28.4172245],[-16.3625374,28.4172944],[-16.3626018,28.4173405]]]}},{"type":"Feature","id":"way/557788846","properties":{"building":"yes","building:levels":"1","disused:building":"industrial","id":"way/557788846"},"geometry":{"type":"Polygon","coordinates":[[[-16.3636313,28.4165936],[-16.3636027,28.416661],[-16.3636172,28.4166662],[-16.3636212,28.4166673],[-16.3636316,28.4166711],[-16.3636528,28.4166788],[-16.3636807,28.4166093],[-16.3636313,28.4165936]]]}},{"type":"Feature","id":"way/557788849","properties":{"building":"residential","building:levels":"2","building:levels:underground":"1","roof:shape":"gabled","id":"way/557788849"},"geometry":{"type":"Polygon","coordinates":[[[-16.3634335,28.4162943],[-16.3634905,28.4162197],[-16.3634316,28.4161841],[-16.3633744,28.4162589],[-16.3634335,28.4162943]]]}},{"type":"Feature","id":"way/557788851","properties":{"building":"detached","building:levels":"1","id":"way/557788851"},"geometry":{"type":"Polygon","coordinates":[[[-16.3638396,28.4171996],[-16.3637658,28.4171357],[-16.3637023,28.4172012],[-16.3636064,28.417124],[-16.3635717,28.4171766],[-16.36373,28.417287],[-16.3637594,28.4172671],[-16.3638396,28.4171996]]]}},{"type":"Feature","id":"way/557788852","properties":{"building":"detached","building:levels":"2","id":"way/557788852"},"geometry":{"type":"Polygon","coordinates":[[[-16.3636619,28.4163426],[-16.3635462,28.4163313],[-16.3635427,28.416359],[-16.3635332,28.4164348],[-16.3635578,28.4164372],[-16.3635479,28.4165162],[-16.3636066,28.4165219],[-16.3636121,28.416477],[-16.3636446,28.4164802],[-16.3636619,28.4163426]]]}},{"type":"Feature","id":"way/557788853","properties":{"building":"yes","building:levels":"1","id":"way/557788853"},"geometry":{"type":"Polygon","coordinates":[[[-16.3634813,28.416678],[-16.3634277,28.4166862],[-16.3634402,28.4167818],[-16.36348,28.4167671],[-16.3634722,28.4167087],[-16.3634813,28.416678]]]}},{"type":"Feature","id":"way/557788854","properties":{"building":"detached","building:levels":"1","id":"way/557788854"},"geometry":{"type":"Polygon","coordinates":[[[-16.3624511,28.4174482],[-16.3624165,28.4175127],[-16.3624684,28.4175395],[-16.3624473,28.4175768],[-16.3623483,28.4175523],[-16.362345,28.4176183],[-16.3625251,28.4176333],[-16.3625527,28.4175733],[-16.3625198,28.4175568],[-16.3625561,28.4174923],[-16.3624511,28.4174482]]]}},{"type":"Feature","id":"way/557788858","properties":{"building":"residential","building:levels":"1","id":"way/557788858"},"geometry":{"type":"Polygon","coordinates":[[[-16.3627432,28.416163],[-16.3627339,28.416155],[-16.3627418,28.4161261],[-16.3626854,28.416102],[-16.3626596,28.4161659],[-16.362683,28.4161767],[-16.3626851,28.4162153],[-16.3627004,28.4162102],[-16.3627389,28.4162444],[-16.3627534,28.4162317],[-16.3627726,28.4162488],[-16.3628021,28.4162227],[-16.3628077,28.4162182],[-16.3627432,28.416163]]]}},{"type":"Feature","id":"way/557788859","properties":{"building":"barn","building:levels":"1","id":"way/557788859"},"geometry":{"type":"Polygon","coordinates":[[[-16.3629164,28.4168526],[-16.3628415,28.416888],[-16.3628651,28.416927],[-16.36294,28.4168916],[-16.3629164,28.4168526]]]}},{"type":"Feature","id":"way/557788860","properties":{"building":"detached","building:levels":"1","id":"way/557788860"},"geometry":{"type":"Polygon","coordinates":[[[-16.3639756,28.4174501],[-16.3639847,28.417477],[-16.3639178,28.4174928],[-16.3639056,28.4174534],[-16.3638628,28.4174642],[-16.3638689,28.4174829],[-16.3638238,28.4174969],[-16.3638433,28.4175461],[-16.3638732,28.4175369],[-16.3638768,28.4175463],[-16.3639125,28.417535],[-16.3639248,28.4175744],[-16.3640145,28.4175506],[-16.3640022,28.4175128],[-16.3640333,28.417502],[-16.3640146,28.417449],[-16.3640125,28.4174393],[-16.3639756,28.4174501]]]}},{"type":"Feature","id":"way/557788861","properties":{"building":"detached","building:levels":"2","id":"way/557788861"},"geometry":{"type":"Polygon","coordinates":[[[-16.3628004,28.4174899],[-16.3627643,28.4175243],[-16.3628047,28.4175577],[-16.3628157,28.4175472],[-16.3628796,28.4176002],[-16.3630777,28.4174116],[-16.3630485,28.417387],[-16.3630362,28.4173989],[-16.3630106,28.4173774],[-16.3629932,28.4173941],[-16.3629573,28.4173643],[-16.3628534,28.4174636],[-16.3628397,28.4174523],[-16.3628004,28.4174899]]]}},{"type":"Feature","id":"way/557788867","properties":{"building":"residential","building:levels":"1","id":"way/557788867"},"geometry":{"type":"Polygon","coordinates":[[[-16.3636517,28.4169929],[-16.3637607,28.4168431],[-16.3637049,28.4167548],[-16.3636274,28.4167975],[-16.3636474,28.4168304],[-16.3636156,28.4168485],[-16.3636477,28.4168946],[-16.3636027,28.4169186],[-16.3636517,28.4169929]]]}},{"type":"Feature","id":"way/557788869","properties":{"building":"residential","building:levels":"1","id":"way/557788869"},"geometry":{"type":"Polygon","coordinates":[[[-16.3636027,28.416661],[-16.3636313,28.4165936],[-16.3636388,28.4165758],[-16.3635875,28.4165588],[-16.3635514,28.416644],[-16.3635401,28.4166409],[-16.363525,28.416681],[-16.3636179,28.4167056],[-16.3636316,28.4166711],[-16.3636212,28.4166673],[-16.3636172,28.4166662],[-16.3636027,28.416661]]]}},{"type":"Feature","id":"way/557788870","properties":{"building":"residential","building:levels":"1","id":"way/557788870"},"geometry":{"type":"Polygon","coordinates":[[[-16.3638483,28.4178951],[-16.3638093,28.4178514],[-16.3637276,28.4179014],[-16.3638267,28.4180433],[-16.3638926,28.4179981],[-16.3639774,28.4179443],[-16.3639336,28.4178863],[-16.3639135,28.417901],[-16.3638916,28.4178723],[-16.3638483,28.4178951]]]}},{"type":"Feature","id":"way/557788871","properties":{"building":"residential","building:levels":"1","id":"way/557788871"},"geometry":{"type":"Polygon","coordinates":[[[-16.3640413,28.4177789],[-16.3639325,28.4177905],[-16.3639348,28.4178066],[-16.3639069,28.4178096],[-16.3639133,28.4178561],[-16.363929,28.4178544],[-16.3639324,28.417879],[-16.3640533,28.4178662],[-16.3640413,28.4177789]]]}},{"type":"Feature","id":"way/557788872","properties":{"building":"detached","building:levels":"1","id":"way/557788872"},"geometry":{"type":"Polygon","coordinates":[[[-16.3633817,28.418605],[-16.363392,28.418675],[-16.3634271,28.4186723],[-16.3634307,28.4186898],[-16.3635816,28.4186692],[-16.3635643,28.4185748],[-16.3635051,28.4185823],[-16.3634981,28.4185583],[-16.3634129,28.4185667],[-16.3634175,28.4185935],[-16.3634191,28.418601],[-16.3633817,28.418605]]]}},{"type":"Feature","id":"way/557788875","properties":{"building":"residential","building:levels":"1","id":"way/557788875"},"geometry":{"type":"Polygon","coordinates":[[[-16.3629032,28.4161772],[-16.3629029,28.4161774],[-16.3628383,28.4161239],[-16.3628465,28.4161163],[-16.3628161,28.4160911],[-16.3628366,28.4160717],[-16.3628096,28.4160493],[-16.3627611,28.4160923],[-16.3627907,28.4161153],[-16.3627432,28.416163],[-16.3628077,28.4162182],[-16.3628312,28.4162383],[-16.3628652,28.4162062],[-16.3628889,28.416229],[-16.3628694,28.4162449],[-16.3629028,28.4162777],[-16.3629564,28.4162397],[-16.3629032,28.4161772]]]}},{"type":"Feature","id":"way/557788876","properties":{"building":"detached","building:levels":"1","roof:shape":"hipped","id":"way/557788876"},"geometry":{"type":"Polygon","coordinates":[[[-16.3634916,28.4192053],[-16.3634435,28.4193008],[-16.363557,28.4193456],[-16.3636052,28.41925],[-16.3634916,28.4192053]]]}},{"type":"Feature","id":"way/557788877","properties":{"building":"residential","building:levels":"1","id":"way/557788877"},"geometry":{"type":"Polygon","coordinates":[[[-16.3637645,28.4184131],[-16.3638163,28.4183645],[-16.3637841,28.4183376],[-16.3638344,28.4182904],[-16.3637944,28.4182569],[-16.3637693,28.4182804],[-16.3637014,28.4182238],[-16.3636243,28.4182963],[-16.3637645,28.4184131]]]}},{"type":"Feature","id":"way/557788879","properties":{"building":"detached","building:levels":"2","building:levels:underground":"1","roof:shape":"gabled","id":"way/557788879"},"geometry":{"type":"Polygon","coordinates":[[[-16.3632916,28.4194312],[-16.3634227,28.4194815],[-16.3634719,28.4193816],[-16.3633409,28.4193312],[-16.3632916,28.4194312]]]}},{"type":"Feature","id":"way/560749963","properties":{"addr:housenumber":"2","addr:postcode":"38290","addr:street":"Calle Juan Antonio Díaz","building":"house","building:levels":"1","id":"way/560749963"},"geometry":{"type":"Polygon","coordinates":[[[-16.3740633,28.4318154],[-16.3741424,28.4318408],[-16.3741826,28.4317437],[-16.3741999,28.4316963],[-16.3741277,28.4316732],[-16.3740633,28.4318154]]]}},{"type":"Feature","id":"way/560749968","properties":{"addr:housenumber":"3","addr:postcode":"38290","addr:street":"Calle Juan Antonio Díaz","building":"detached","building:levels":"1","id":"way/560749968"},"geometry":{"type":"Polygon","coordinates":[[[-16.3729884,28.4317059],[-16.3730244,28.4315941],[-16.3730015,28.4315884],[-16.3729975,28.4316008],[-16.3728954,28.4315754],[-16.3728672,28.431663],[-16.3728794,28.431666],[-16.3728723,28.4316881],[-16.3729031,28.4316958],[-16.3729102,28.4316737],[-16.3729509,28.4316838],[-16.3729471,28.4316957],[-16.3729884,28.4317059]]]}},{"type":"Feature","id":"way/560749971","properties":{"building":"service","id":"way/560749971"},"geometry":{"type":"Polygon","coordinates":[[[-16.3704653,28.4309611],[-16.3704545,28.4309473],[-16.3704464,28.4309521],[-16.3704572,28.430966],[-16.3704653,28.4309611]]]}},{"type":"Feature","id":"way/560749973","properties":{"building":"yes","id":"way/560749973"},"geometry":{"type":"Polygon","coordinates":[[[-16.3701633,28.4309026],[-16.3700929,28.4309374],[-16.3700681,28.4309987],[-16.3701144,28.4310135],[-16.3701633,28.4309026]]]}},{"type":"Feature","id":"way/560749976","properties":{"building":"detached","building:levels":"2","id":"way/560749976"},"geometry":{"type":"Polygon","coordinates":[[[-16.3677685,28.4310977],[-16.3677812,28.4309939],[-16.3677365,28.4309897],[-16.3676577,28.4309822],[-16.3676449,28.431086],[-16.3677238,28.4310935],[-16.3677685,28.4310977]]]}},{"type":"Feature","id":"way/563154216","properties":{"building":"yes","id":"way/563154216"},"geometry":{"type":"Polygon","coordinates":[[[-16.3669615,28.4321286],[-16.3669257,28.4321161],[-16.3669225,28.4321232],[-16.3668963,28.4321141],[-16.3668995,28.432107],[-16.3668344,28.4320842],[-16.3668178,28.4321211],[-16.3668248,28.4321235],[-16.3668103,28.4321556],[-16.3668444,28.4321675],[-16.3668274,28.4322052],[-16.3668932,28.4322282],[-16.3669789,28.4321917],[-16.3669537,28.4321457],[-16.3669615,28.4321286]]]}},{"type":"Feature","id":"way/563154225","properties":{"building":"industrial","building:levels":"1","id":"way/563154225"},"geometry":{"type":"Polygon","coordinates":[[[-16.3734117,28.4324073],[-16.3734257,28.4324385],[-16.3734714,28.4324326],[-16.3734705,28.4324225],[-16.3734855,28.4323896],[-16.3735276,28.4324171],[-16.3736168,28.4323099],[-16.3735525,28.4322677],[-16.373528,28.4322767],[-16.3734978,28.4322575],[-16.3734548,28.4323076],[-16.3734438,28.4323177],[-16.3734277,28.4323048],[-16.3734006,28.4323282],[-16.3734253,28.4323496],[-16.3734117,28.4324073]]]}},{"type":"Feature","id":"way/563154296","properties":{"building":"residential","building:levels":"1","id":"way/563154296"},"geometry":{"type":"Polygon","coordinates":[[[-16.3701543,28.4316459],[-16.3701264,28.4317044],[-16.3701561,28.4317172],[-16.3702325,28.4317502],[-16.3702246,28.4317645],[-16.3702546,28.4317776],[-16.3702913,28.4317022],[-16.3701543,28.4316459]]]}},{"type":"Feature","id":"way/563154300","properties":{"building":"residential","building:levels":"1","id":"way/563154300"},"geometry":{"type":"Polygon","coordinates":[[[-16.3675867,28.4310742],[-16.3676177,28.4310781],[-16.3676231,28.4310439],[-16.3675922,28.4310401],[-16.3675867,28.4310742]]]}},{"type":"Feature","id":"way/563154309","properties":{"building":"residential","building:levels":"1","id":"way/563154309"},"geometry":{"type":"Polygon","coordinates":[[[-16.3709092,28.4310072],[-16.3709,28.4310411],[-16.3709183,28.4310435],[-16.3709148,28.4310677],[-16.3708913,28.4310662],[-16.3708891,28.4310815],[-16.3708391,28.4310751],[-16.3708285,28.4311405],[-16.3708491,28.431142],[-16.3708492,28.431145],[-16.3708531,28.4311454],[-16.3708443,28.4312098],[-16.3707636,28.4312014],[-16.3707554,28.4312264],[-16.3707698,28.4312279],[-16.3707579,28.4312708],[-16.3707953,28.4312747],[-16.3708012,28.4312466],[-16.3708477,28.4312517],[-16.3708932,28.4312504],[-16.3708975,28.4312216],[-16.3709398,28.4312249],[-16.3709524,28.4311579],[-16.3709466,28.4311572],[-16.3709634,28.431049],[-16.3709984,28.4310567],[-16.3710029,28.4310338],[-16.3709092,28.4310072]]]}},{"type":"Feature","id":"way/563154313","properties":{"building":"residential","building:levels":"1","id":"way/563154313"},"geometry":{"type":"Polygon","coordinates":[[[-16.3702906,28.4316244],[-16.3703529,28.4316334],[-16.370366,28.4315712],[-16.3703036,28.4315617],[-16.3702906,28.4316244]]]}},{"type":"Feature","id":"way/563154317","properties":{"building":"residential","building:levels":"1","id":"way/563154317"},"geometry":{"type":"Polygon","coordinates":[[[-16.3693869,28.431472],[-16.369454,28.4314853],[-16.3694853,28.4314409],[-16.3694284,28.43141],[-16.3693869,28.431472]]]}},{"type":"Feature","id":"way/563154318","properties":{"building":"residential","building:levels":"2","id":"way/563154318"},"geometry":{"type":"Polygon","coordinates":[[[-16.3696447,28.4311712],[-16.3696534,28.4311601],[-16.3696031,28.4311293],[-16.3695943,28.4311404],[-16.3695112,28.4312468],[-16.36948,28.4312867],[-16.3695303,28.4313175],[-16.3695616,28.4312776],[-16.3696447,28.4311712]]]}},{"type":"Feature","id":"way/563154321","properties":{"building":"industrial","building:levels":"1","id":"way/563154321"},"geometry":{"type":"Polygon","coordinates":[[[-16.3735574,28.4320739],[-16.3735687,28.4320356],[-16.3734803,28.432015],[-16.3734683,28.4320503],[-16.3735574,28.4320739]]]}},{"type":"Feature","id":"way/563154324","properties":{"building":"yes","building:levels":"1","disused:building":"residential","id":"way/563154324"},"geometry":{"type":"Polygon","coordinates":[[[-16.3736421,28.4324818],[-16.3736703,28.4325126],[-16.373734,28.4324671],[-16.3736773,28.4324084],[-16.3736156,28.4324528],[-16.3736216,28.4324594],[-16.3735779,28.4324921],[-16.3735805,28.4324949],[-16.3735715,28.4325019],[-16.3735875,28.4325203],[-16.3736421,28.4324818]]]}},{"type":"Feature","id":"way/563154333","properties":{"building":"yes","building:levels":"1","disused:building":"residential","id":"way/563154333"},"geometry":{"type":"Polygon","coordinates":[[[-16.3737305,28.4324802],[-16.3736971,28.4325233],[-16.3737287,28.4325479],[-16.3737648,28.432503],[-16.3737305,28.4324802]]]}},{"type":"Feature","id":"way/563154341","properties":{"building":"residential","building:levels":"1","id":"way/563154341"},"geometry":{"type":"Polygon","coordinates":[[[-16.3701561,28.4317172],[-16.3701388,28.4317559],[-16.3701646,28.4317671],[-16.370098,28.4319212],[-16.3700637,28.4319097],[-16.370049,28.4319429],[-16.3701327,28.4319732],[-16.3701655,28.4319048],[-16.3702133,28.4319241],[-16.3702822,28.4317897],[-16.3702546,28.4317776],[-16.3702246,28.4317645],[-16.3702325,28.4317502],[-16.3701561,28.4317172]]]}},{"type":"Feature","id":"way/563154345","properties":{"building":"residential","building:levels":"3","id":"way/563154345"},"geometry":{"type":"Polygon","coordinates":[[[-16.3734829,28.4328803],[-16.3735264,28.4328933],[-16.3735618,28.4327991],[-16.3735182,28.4327862],[-16.3735073,28.432783],[-16.3734601,28.4327691],[-16.3734164,28.4327563],[-16.3733814,28.4328497],[-16.3734829,28.4328803]]]}},{"type":"Feature","id":"way/563154354","properties":{"building":"residential","building:levels":"1","id":"way/563154354"},"geometry":{"type":"Polygon","coordinates":[[[-16.3733705,28.4325453],[-16.3733111,28.4326427],[-16.3733513,28.4326598],[-16.3734089,28.4325682],[-16.3733705,28.4325453]]]}},{"type":"Feature","id":"way/563154355","properties":{"building":"residential","building:levels":"1","id":"way/563154355"},"geometry":{"type":"Polygon","coordinates":[[[-16.3670483,28.4330269],[-16.3670957,28.4329241],[-16.3670322,28.4329032],[-16.3669831,28.433003],[-16.3670483,28.4330269]]]}},{"type":"Feature","id":"way/563154365","properties":{"building":"residential","building:levels":"1","id":"way/563154365"},"geometry":{"type":"Polygon","coordinates":[[[-16.371388,28.4314244],[-16.3714265,28.43135],[-16.3713962,28.4313398],[-16.3713857,28.4313597],[-16.3713797,28.4313577],[-16.371362,28.4313912],[-16.3713789,28.4313976],[-16.3713702,28.4314183],[-16.371388,28.4314244]]]}},{"type":"Feature","id":"way/563154370","properties":{"building":"residential","building:levels":"1","id":"way/563154370"},"geometry":{"type":"Polygon","coordinates":[[[-16.3704098,28.4314144],[-16.3703771,28.4314132],[-16.3703761,28.4314399],[-16.3703558,28.4314401],[-16.3703542,28.4314817],[-16.3703337,28.4314813],[-16.3703284,28.4315325],[-16.3703828,28.4315356],[-16.3703809,28.4315565],[-16.3704251,28.4315587],[-16.3704313,28.4314775],[-16.3704644,28.431479],[-16.3704669,28.4314477],[-16.3704402,28.4314456],[-16.3704412,28.4314156],[-16.3704502,28.4314172],[-16.3704616,28.4313724],[-16.370411,28.4313565],[-16.3703985,28.4313541],[-16.3703957,28.4313635],[-16.3704223,28.4313719],[-16.3704186,28.4313904],[-16.3704088,28.4313917],[-16.3704098,28.4314144]]]}},{"type":"Feature","id":"way/563154376","properties":{"building":"residential","building:levels":"1","building:levels:underground":"1","id":"way/563154376"},"geometry":{"type":"Polygon","coordinates":[[[-16.3716759,28.431385],[-16.371637,28.4313603],[-16.3716018,28.4314031],[-16.3716971,28.4314636],[-16.3717861,28.4313552],[-16.3717298,28.4313194],[-16.3716759,28.431385]]]}},{"type":"Feature","id":"way/563154382","properties":{"building":"residential","building:levels":"2","id":"way/563154382"},"geometry":{"type":"Polygon","coordinates":[[[-16.3728441,28.4320929],[-16.3729042,28.4320111],[-16.3729097,28.4320006],[-16.3729131,28.4319931],[-16.3728902,28.4319816],[-16.3728227,28.4319541],[-16.3728092,28.4319494],[-16.372794,28.4319415],[-16.3727421,28.4320373],[-16.3726734,28.4320091],[-16.3726538,28.4320711],[-16.3726773,28.4320797],[-16.3727606,28.4321104],[-16.3728183,28.4321392],[-16.3728441,28.4320929]]]}},{"type":"Feature","id":"way/563154390","properties":{"building":"residential","building:levels":"1","id":"way/563154390"},"geometry":{"type":"Polygon","coordinates":[[[-16.373006,28.4320539],[-16.3729042,28.4320111],[-16.3728441,28.4320929],[-16.3728183,28.4321392],[-16.3727606,28.4321104],[-16.3726773,28.4320797],[-16.3726476,28.4321524],[-16.3726561,28.4321552],[-16.3726471,28.4321757],[-16.3726162,28.4321673],[-16.3725915,28.4322305],[-16.3726305,28.432239],[-16.3726266,28.4322529],[-16.3726685,28.4322608],[-16.3726693,28.4322575],[-16.3727009,28.4322658],[-16.3727101,28.4322372],[-16.372773,28.4322575],[-16.3727891,28.4322168],[-16.3728765,28.4322372],[-16.3729434,28.4322493],[-16.3729488,28.4322282],[-16.373006,28.4320539]]]}},{"type":"Feature","id":"way/563154394","properties":{"building":"residential","building:levels":"1","id":"way/563154394"},"geometry":{"type":"Polygon","coordinates":[[[-16.3697299,28.4321585],[-16.369742,28.4321155],[-16.3696696,28.4321022],[-16.3696606,28.4321241],[-16.3696557,28.4321532],[-16.3697299,28.4321585]]]}},{"type":"Feature","id":"way/563154401","properties":{"building":"residential","building:levels":"1","id":"way/563154401"},"geometry":{"type":"Polygon","coordinates":[[[-16.369454,28.4322502],[-16.3694842,28.4323419],[-16.3694492,28.4323493],[-16.3694642,28.4324005],[-16.3695562,28.4323763],[-16.3695203,28.4322609],[-16.3695311,28.4322602],[-16.3695234,28.4322351],[-16.369454,28.4322502]]]}},{"type":"Feature","id":"way/563154402","properties":{"building":"residential","building:levels":"1","id":"way/563154402"},"geometry":{"type":"Polygon","coordinates":[[[-16.3700954,28.4320695],[-16.3701231,28.4320726],[-16.3701405,28.4319995],[-16.3701115,28.4319954],[-16.3700954,28.4320695]]]}},{"type":"Feature","id":"way/563154408","properties":{"building":"industrial","building:levels":"1","id":"way/563154408"},"geometry":{"type":"Polygon","coordinates":[[[-16.3728186,28.4323571],[-16.3728265,28.4323067],[-16.3727744,28.4322999],[-16.3727657,28.4323501],[-16.3728186,28.4323571]]]}},{"type":"Feature","id":"way/563154410","properties":{"building":"residential","building:levels":"1","id":"way/563154410"},"geometry":{"type":"Polygon","coordinates":[[[-16.371306,28.4315737],[-16.3712979,28.4315672],[-16.3713368,28.4314947],[-16.3712382,28.4314605],[-16.3711968,28.4315359],[-16.3712201,28.4315454],[-16.371198,28.4316374],[-16.3712818,28.4316568],[-16.371306,28.4315737]]]}},{"type":"Feature","id":"way/563154421","properties":{"building":"yes","building:levels":"1","disused:building":"residential","id":"way/563154421"},"geometry":{"type":"Polygon","coordinates":[[[-16.3712818,28.4312906],[-16.3713328,28.4313066],[-16.3713308,28.4313254],[-16.3713817,28.4313402],[-16.3713951,28.4313036],[-16.3714159,28.4313107],[-16.3714609,28.4311945],[-16.3713692,28.4311612],[-16.3713301,28.4312635],[-16.3712959,28.4312558],[-16.3712818,28.4312906]]]}},{"type":"Feature","id":"way/563154423","properties":{"building":"residential","building:levels":"1","id":"way/563154423"},"geometry":{"type":"Polygon","coordinates":[[[-16.373233,28.4324545],[-16.3732357,28.432455],[-16.3732338,28.4324611],[-16.3732471,28.4324644],[-16.3732417,28.4324796],[-16.3732872,28.4324939],[-16.3732925,28.4324793],[-16.3733099,28.4324822],[-16.3733119,28.4324751],[-16.3732344,28.4324501],[-16.373233,28.4324545]]]}},{"type":"Feature","id":"way/563154432","properties":{"building":"residential","building:levels":"1","id":"way/563154432"},"geometry":{"type":"Polygon","coordinates":[[[-16.3733705,28.4325453],[-16.3734089,28.4325682],[-16.3734151,28.4325719],[-16.3734443,28.4325418],[-16.3733884,28.4325033],[-16.3733568,28.4325363],[-16.3733134,28.4325114],[-16.373293,28.4325441],[-16.3732957,28.4325455],[-16.3732935,28.4325486],[-16.3732817,28.4325421],[-16.3732523,28.4325846],[-16.3732811,28.4325951],[-16.3733072,28.4325513],[-16.3733459,28.4325712],[-16.3733599,28.4325389],[-16.3733705,28.4325453]]]}},{"type":"Feature","id":"way/563154434","properties":{"building":"residential","building:levels":"2","id":"way/563154434"},"geometry":{"type":"Polygon","coordinates":[[[-16.368291,28.4326783],[-16.3683024,28.4326519],[-16.3682405,28.4326313],[-16.3682318,28.4326558],[-16.3682209,28.4326866],[-16.3682564,28.4327028],[-16.3682297,28.4327658],[-16.3682504,28.4327762],[-16.3682556,28.432761],[-16.368291,28.4326783]]]}},{"type":"Feature","id":"way/563154438","properties":{"building":"industrial","building:levels":"1","id":"way/563154438"},"geometry":{"type":"Polygon","coordinates":[[[-16.3732394,28.4324345],[-16.3732344,28.4324501],[-16.3733119,28.4324751],[-16.3733133,28.4324703],[-16.3733,28.4324681],[-16.3733054,28.4324488],[-16.3732928,28.4324445],[-16.3733023,28.4324261],[-16.3733097,28.4324103],[-16.3733138,28.4323878],[-16.3733137,28.4323613],[-16.3732902,28.4323564],[-16.3732907,28.4323538],[-16.3732765,28.4323509],[-16.3732703,28.4323691],[-16.3732778,28.4323708],[-16.3732697,28.432396],[-16.3732634,28.4323951],[-16.3732535,28.4324247],[-16.3732562,28.4324387],[-16.3732394,28.4324345]]]}},{"type":"Feature","id":"way/563154439","properties":{"building":"residential","building:levels":"1","id":"way/563154439"},"geometry":{"type":"Polygon","coordinates":[[[-16.3713532,28.431376],[-16.3713653,28.4313586],[-16.3713335,28.4313426],[-16.3713211,28.4313679],[-16.371345,28.4313757],[-16.3713532,28.431376]]]}},{"type":"Feature","id":"way/563154443","properties":{"building":"residential","building:levels":"1","id":"way/563154443"},"geometry":{"type":"Polygon","coordinates":[[[-16.3674361,28.4322489],[-16.3674197,28.4322849],[-16.3674533,28.4322969],[-16.3674696,28.4322609],[-16.3674361,28.4322489]]]}},{"type":"Feature","id":"way/563154444","properties":{"building":"residential","building:levels":"1","id":"way/563154444"},"geometry":{"type":"Polygon","coordinates":[[[-16.3699062,28.4313612],[-16.3699333,28.4313186],[-16.3698871,28.4312963],[-16.3698612,28.4313382],[-16.3699062,28.4313612]]]}},{"type":"Feature","id":"way/563154445","properties":{"building":"residential","building:levels":"2","id":"way/563154445"},"geometry":{"type":"Polygon","coordinates":[[[-16.3672363,28.4319011],[-16.3672207,28.4318755],[-16.3671871,28.4318896],[-16.3671638,28.4318498],[-16.3671415,28.4318312],[-16.3671471,28.431826],[-16.3671059,28.4317917],[-16.3670782,28.4318176],[-16.3670826,28.4318213],[-16.3670393,28.431862],[-16.3670753,28.4318921],[-16.3670603,28.4319062],[-16.3670833,28.4319254],[-16.3670839,28.4319247],[-16.3671159,28.4319547],[-16.3672043,28.4319189],[-16.3672024,28.4319158],[-16.3672363,28.4319011]]]}},{"type":"Feature","id":"way/563154448","properties":{"building":"residential","building:levels":"2","id":"way/563154448"},"geometry":{"type":"Polygon","coordinates":[[[-16.3733814,28.4320811],[-16.373336,28.4321841],[-16.3734751,28.4322277],[-16.373518,28.4321211],[-16.3733814,28.4320811]]]}},{"type":"Feature","id":"way/563154450","properties":{"building":"barn","building:levels":"1","id":"way/563154450"},"geometry":{"type":"Polygon","coordinates":[[[-16.372617,28.4324252],[-16.3726308,28.4323838],[-16.372663,28.4323934],[-16.3726749,28.4323579],[-16.3726758,28.4323512],[-16.372593,28.432331],[-16.3725738,28.4323816],[-16.3725315,28.4323698],[-16.3725198,28.4323993],[-16.3725239,28.4323999],[-16.3725123,28.4324333],[-16.3725645,28.4324481],[-16.3725762,28.4324152],[-16.372617,28.4324252]]]}},{"type":"Feature","id":"way/563154451","properties":{"building":"residential","building:levels":"1","id":"way/563154451"},"geometry":{"type":"Polygon","coordinates":[[[-16.3736829,28.4323555],[-16.3736482,28.4323837],[-16.3736773,28.4324084],[-16.373734,28.4324671],[-16.3737657,28.4324403],[-16.3737935,28.432469],[-16.3738282,28.4324173],[-16.3737498,28.4323445],[-16.3737147,28.4323824],[-16.3736829,28.4323555]]]}},{"type":"Feature","id":"way/563154452","properties":{"building":"residential","building:levels":"1","id":"way/563154452"},"geometry":{"type":"Polygon","coordinates":[[[-16.3696704,28.4327568],[-16.3697974,28.4327067],[-16.3697244,28.4325623],[-16.3696794,28.4325801],[-16.3696917,28.4326041],[-16.3696441,28.4326229],[-16.3696868,28.4327072],[-16.3696522,28.4327208],[-16.3696704,28.4327568]]]}},{"type":"Feature","id":"way/563154462","properties":{"building":"residential","building:levels":"2","id":"way/563154462"},"geometry":{"type":"Polygon","coordinates":[[[-16.369745,28.4320434],[-16.3697051,28.432034],[-16.3697523,28.4319298],[-16.3697067,28.4319157],[-16.3696605,28.4320228],[-16.3696653,28.4320245],[-16.3696516,28.4320619],[-16.3697313,28.4320833],[-16.369745,28.4320434]]]}},{"type":"Feature","id":"way/563154464","properties":{"building":"residential","building:levels":"1","id":"way/563154464"},"geometry":{"type":"Polygon","coordinates":[[[-16.3710291,28.431634],[-16.3709602,28.4316134],[-16.3709184,28.4317213],[-16.3709873,28.4317419],[-16.3710291,28.431634]]]}},{"type":"Feature","id":"way/563154467","properties":{"building":"residential","building:levels":"2","id":"way/563154467"},"geometry":{"type":"Polygon","coordinates":[[[-16.3699689,28.4312099],[-16.3699947,28.4312223],[-16.3700103,28.4311978],[-16.3700368,28.4311405],[-16.3699938,28.4311197],[-16.3699904,28.43116],[-16.369979,28.4311816],[-16.3699421,28.4311637],[-16.3699559,28.4311413],[-16.3699277,28.4311277],[-16.3698382,28.4312728],[-16.3698862,28.4312959],[-16.3699032,28.4312683],[-16.369926,28.4312794],[-16.3699689,28.4312099]]]}},{"type":"Feature","id":"way/563154468","properties":{"building":"residential","building:levels":"1","id":"way/563154468"},"geometry":{"type":"Polygon","coordinates":[[[-16.3702302,28.4311137],[-16.3703132,28.4311502],[-16.3703525,28.4310771],[-16.370272,28.4310446],[-16.3702302,28.4311137]]]}},{"type":"Feature","id":"way/563154479","properties":{"building":"residential","building:levels":"1","id":"way/563154479"},"geometry":{"type":"Polygon","coordinates":[[[-16.37136,28.4314654],[-16.3713744,28.4314322],[-16.3713366,28.4314194],[-16.3713222,28.4314526],[-16.37136,28.4314654]]]}},{"type":"Feature","id":"way/563154485","properties":{"building":"residential","building:levels":"2","id":"way/563154485"},"geometry":{"type":"Polygon","coordinates":[[[-16.3677849,28.4326286],[-16.3677702,28.4326211],[-16.3677164,28.4327025],[-16.3677066,28.4327065],[-16.3676783,28.4327551],[-16.3677208,28.4327736],[-16.3677253,28.4327665],[-16.3677439,28.432776],[-16.367763,28.432776],[-16.3678037,28.4327923],[-16.3678331,28.4327572],[-16.3678517,28.432765],[-16.3679197,28.432662],[-16.3678065,28.4326036],[-16.3677893,28.4326296],[-16.3677887,28.4326307],[-16.3677849,28.4326286]]]}},{"type":"Feature","id":"way/563154494","properties":{"building":"residential","building:levels":"1","id":"way/563154494"},"geometry":{"type":"Polygon","coordinates":[[[-16.3669104,28.43206],[-16.3670396,28.4321002],[-16.3670538,28.4320648],[-16.3670786,28.4320725],[-16.3671021,28.4320141],[-16.3670442,28.4319962],[-16.3670494,28.4319833],[-16.3669698,28.4319586],[-16.3669442,28.4320223],[-16.3669276,28.4320171],[-16.3669104,28.43206]]]}},{"type":"Feature","id":"way/563154495","properties":{"building":"residential","building:levels":"1","id":"way/563154495"},"geometry":{"type":"Polygon","coordinates":[[[-16.3665269,28.4324759],[-16.3666002,28.4325141],[-16.366659,28.4325254],[-16.3666796,28.4324806],[-16.3666691,28.4324776],[-16.3667207,28.4323986],[-16.3666094,28.4323473],[-16.3665987,28.4323349],[-16.3665953,28.432322],[-16.3666054,28.4323114],[-16.3665658,28.4322919],[-16.3665263,28.4323538],[-16.3665947,28.4323915],[-16.3665772,28.4324228],[-16.3665551,28.4324151],[-16.3665269,28.4324759]]]}},{"type":"Feature","id":"way/563154502","properties":{"building":"residential","building:levels":"1","id":"way/563154502"},"geometry":{"type":"Polygon","coordinates":[[[-16.367953,28.4326856],[-16.3679753,28.4326976],[-16.3680009,28.4326605],[-16.3679786,28.4326485],[-16.367953,28.4326856]]]}},{"type":"Feature","id":"way/563154508","properties":{"building":"residential","building:levels":"2","id":"way/563154508"},"geometry":{"type":"Polygon","coordinates":[[[-16.3673361,28.4318757],[-16.3674177,28.4318472],[-16.367397,28.4318012],[-16.3673154,28.4318297],[-16.3672852,28.4318402],[-16.3673047,28.4318833],[-16.3672892,28.4318886],[-16.367302,28.431917],[-16.3673403,28.4319037],[-16.3673288,28.4318782],[-16.3673361,28.4318757]]]}},{"type":"Feature","id":"way/563154509","properties":{"building":"yes","building:levels":"1","disused:building":"residential","id":"way/563154509"},"geometry":{"type":"Polygon","coordinates":[[[-16.3734507,28.431673],[-16.3733246,28.4316521],[-16.3733114,28.4317133],[-16.3732876,28.4317093],[-16.373281,28.4317402],[-16.3733074,28.4317446],[-16.3732986,28.4317858],[-16.3734221,28.4318063],[-16.3734507,28.431673]]]}},{"type":"Feature","id":"way/563154526","properties":{"building":"barn","building:levels":"1","id":"way/563154526"},"geometry":{"type":"Polygon","coordinates":[[[-16.3667877,28.4322593],[-16.3667963,28.4322431],[-16.366773,28.4322343],[-16.3667656,28.4322518],[-16.3667877,28.4322593]]]}},{"type":"Feature","id":"way/563154528","properties":{"building":"residential","building:levels":"1","id":"way/563154528"},"geometry":{"type":"Polygon","coordinates":[[[-16.3728227,28.4319541],[-16.3728902,28.4319816],[-16.3729131,28.4319931],[-16.3729347,28.4320037],[-16.3730028,28.4318819],[-16.3728527,28.4318177],[-16.3728269,28.4318633],[-16.3728648,28.4318808],[-16.3728227,28.4319541]]]}},{"type":"Feature","id":"way/563154530","properties":{"building":"industrial","building:levels":"1","id":"way/563154530"},"geometry":{"type":"Polygon","coordinates":[[[-16.3726758,28.4323512],[-16.3726749,28.4323579],[-16.3727535,28.4323788],[-16.3727625,28.4323296],[-16.3727678,28.4322886],[-16.3726848,28.4322894],[-16.3726758,28.4323512]]]}},{"type":"Feature","id":"way/563154531","properties":{"building":"industrial","building:levels":"1","id":"way/563154531"},"geometry":{"type":"Polygon","coordinates":[[[-16.3728765,28.4322372],[-16.3728529,28.4323134],[-16.3729256,28.4323271],[-16.3729434,28.4322493],[-16.3728765,28.4322372]]]}},{"type":"Feature","id":"way/563154541","properties":{"building":"residential","building:levels":"1","id":"way/563154541"},"geometry":{"type":"Polygon","coordinates":[[[-16.3680949,28.4324696],[-16.3680792,28.4324628],[-16.368064,28.43249],[-16.3680797,28.4324969],[-16.3680949,28.4324696]]]}},{"type":"Feature","id":"way/563154542","properties":{"building":"residential","building:levels":"2","id":"way/563154542"},"geometry":{"type":"Polygon","coordinates":[[[-16.3695088,28.432214],[-16.3695151,28.4322123],[-16.3694969,28.4321629],[-16.3694882,28.4321651],[-16.3694736,28.4321221],[-16.369472,28.4321173],[-16.3694431,28.4321248],[-16.36943,28.4320897],[-16.3694532,28.432082],[-16.369442,28.4320562],[-16.369384,28.4320745],[-16.3693946,28.4321011],[-16.3693852,28.4321037],[-16.3693964,28.432137],[-16.3694005,28.4321358],[-16.3694358,28.4322308],[-16.3694558,28.4322256],[-16.369461,28.4322364],[-16.3694711,28.4322353],[-16.3695136,28.432226],[-16.3695088,28.432214]]]}},{"type":"Feature","id":"way/563154543","properties":{"building":"residential","building:levels":"1","id":"way/563154543"},"geometry":{"type":"Polygon","coordinates":[[[-16.3695823,28.4321307],[-16.3695796,28.4321451],[-16.3696072,28.432149],[-16.3696146,28.4321142],[-16.3695861,28.4321095],[-16.3695879,28.4320946],[-16.3695633,28.4320501],[-16.3695532,28.4321044],[-16.3695548,28.432124],[-16.3695588,28.4321297],[-16.3695823,28.4321307]]]}},{"type":"Feature","id":"way/563154544","properties":{"building":"residential","building:levels":"1","id":"way/563154544"},"geometry":{"type":"Polygon","coordinates":[[[-16.3698177,28.4315002],[-16.3698546,28.4314424],[-16.3698188,28.4314251],[-16.3697828,28.4314834],[-16.3698177,28.4315002]]]}},{"type":"Feature","id":"way/563154547","properties":{"building":"residential","building:levels":"1","id":"way/563154547"},"geometry":{"type":"Polygon","coordinates":[[[-16.3715074,28.4312574],[-16.3714735,28.4313156],[-16.3715429,28.4313468],[-16.3715768,28.4312886],[-16.3715074,28.4312574]]]}},{"type":"Feature","id":"way/563154548","properties":{"building":"barn","building:levels":"1","id":"way/563154548"},"geometry":{"type":"Polygon","coordinates":[[[-16.3668501,28.4322721],[-16.3668288,28.4322621],[-16.3667968,28.4323071],[-16.3667821,28.4322994],[-16.3667231,28.4323737],[-16.3667581,28.4323944],[-16.3668501,28.4322721]]]}},{"type":"Feature","id":"way/563740460","properties":{"building":"residential","building:levels":"2","id":"way/563740460"},"geometry":{"type":"Polygon","coordinates":[[[-16.3680933,28.4215251],[-16.3681604,28.4215368],[-16.3681879,28.4214148],[-16.3681208,28.4214031],[-16.3680933,28.4215251]]]}},{"type":"Feature","id":"way/563740461","properties":{"building":"yes","building:levels":"1","disused:building":"residential","id":"way/563740461"},"geometry":{"type":"Polygon","coordinates":[[[-16.3680726,28.4220134],[-16.3681557,28.4220008],[-16.3681298,28.421869],[-16.3680467,28.4218817],[-16.3680726,28.4220134]]]}},{"type":"Feature","id":"way/563740463","properties":{"building":"residential","building:levels":"2","id":"way/563740463"},"geometry":{"type":"Polygon","coordinates":[[[-16.3668126,28.4288116],[-16.3668791,28.4288247],[-16.3669161,28.4288319],[-16.3669191,28.4288203],[-16.3669476,28.4288259],[-16.3669611,28.4287729],[-16.3668955,28.42876],[-16.3668576,28.4287526],[-16.3668516,28.4287762],[-16.366823,28.4287706],[-16.3668126,28.4288116]]]}},{"type":"Feature","id":"way/563740466","properties":{"building":"residential","building:levels":"2","id":"way/563740466"},"geometry":{"type":"Polygon","coordinates":[[[-16.3635832,28.419832],[-16.3636445,28.4197494],[-16.3635578,28.4196997],[-16.3634966,28.4197824],[-16.3635832,28.419832]]]}},{"type":"Feature","id":"way/563740469","properties":{"building":"residential","building:levels":"1","id":"way/563740469"},"geometry":{"type":"Polygon","coordinates":[[[-16.3669165,28.4232813],[-16.3668684,28.4232565],[-16.3668322,28.4233108],[-16.3668803,28.4233356],[-16.3669165,28.4232813]]]}},{"type":"Feature","id":"way/563740470","properties":{"building":"residential","building:levels":"1","id":"way/563740470"},"geometry":{"type":"Polygon","coordinates":[[[-16.3653451,28.423193],[-16.3653017,28.4232212],[-16.3653128,28.4232344],[-16.3652376,28.4232834],[-16.3652872,28.4233423],[-16.3654144,28.4232594],[-16.3654473,28.4232372],[-16.3653864,28.4231671],[-16.3653547,28.4231884],[-16.3653892,28.4232295],[-16.3653806,28.4232351],[-16.3653451,28.423193]]]}},{"type":"Feature","id":"way/563740472","properties":{"building":"yes","id":"way/563740472"},"geometry":{"type":"Polygon","coordinates":[[[-16.3741712,28.4303648],[-16.3742225,28.4303393],[-16.3741873,28.4302846],[-16.374136,28.4303101],[-16.3741712,28.4303648]]]}},{"type":"Feature","id":"way/563740473","properties":{"building":"yes","id":"way/563740473"},"geometry":{"type":"Polygon","coordinates":[[[-16.3737488,28.4297563],[-16.3737842,28.429732],[-16.3737158,28.4296548],[-16.3736804,28.429679],[-16.3737488,28.4297563]]]}},{"type":"Feature","id":"way/563740476","properties":{"building":"residential","building:levels":"2","id":"way/563740476"},"geometry":{"type":"Polygon","coordinates":[[[-16.3726593,28.4312736],[-16.3726753,28.4312467],[-16.3725888,28.4312067],[-16.3725597,28.4312566],[-16.3725736,28.4312631],[-16.3725516,28.4313],[-16.3725261,28.4313432],[-16.3725985,28.4313768],[-16.3726242,28.4313337],[-16.3726593,28.4312736]]]}},{"type":"Feature","id":"way/563740477","properties":{"building":"residential","building:levels":"1","id":"way/563740477"},"geometry":{"type":"Polygon","coordinates":[[[-16.3685855,28.4304505],[-16.3686085,28.4304117],[-16.3685888,28.4304026],[-16.3685659,28.4304414],[-16.3685855,28.4304505]]]}},{"type":"Feature","id":"way/563740483","properties":{"building":"residential","building:levels":"1","id":"way/563740483"},"geometry":{"type":"Polygon","coordinates":[[[-16.3735246,28.4310979],[-16.3735256,28.4311564],[-16.3735637,28.4311633],[-16.3735643,28.4311021],[-16.3735246,28.4310979]]]}},{"type":"Feature","id":"way/563740487","properties":{"building":"residential","building:levels":"1","id":"way/563740487"},"geometry":{"type":"Polygon","coordinates":[[[-16.3685673,28.4302877],[-16.3684895,28.4303168],[-16.3684827,28.4302961],[-16.3684111,28.4303142],[-16.368413,28.4303194],[-16.3683887,28.4303302],[-16.3683855,28.4303434],[-16.3684022,28.4303562],[-16.3684251,28.4303507],[-16.3684332,28.4303715],[-16.3684931,28.430357],[-16.368498,28.4303608],[-16.3685053,28.4303644],[-16.3685096,28.4303657],[-16.3685172,28.4303667],[-16.3685273,28.4303925],[-16.3686249,28.4303605],[-16.3686109,28.4303275],[-16.3686168,28.4303258],[-16.3686019,28.4302952],[-16.3685748,28.430304],[-16.3685673,28.4302877]]]}},{"type":"Feature","id":"way/563740488","properties":{"building":"residential","building:levels":"3","id":"way/563740488"},"geometry":{"type":"Polygon","coordinates":[[[-16.3654117,28.4177089],[-16.365415,28.4177066],[-16.3654222,28.4177014],[-16.3653905,28.4176629],[-16.3653603,28.4176262],[-16.3652633,28.4176886],[-16.3652706,28.4176975],[-16.3652784,28.4177071],[-16.3652207,28.4177443],[-16.3652728,28.4178072],[-16.3653284,28.4177678],[-16.3653408,28.4177591],[-16.365363,28.4177434],[-16.3653927,28.4177224],[-16.3654117,28.4177089]]]}},{"type":"Feature","id":"way/563740490","properties":{"building":"residential","building:levels":"1","id":"way/563740490"},"geometry":{"type":"Polygon","coordinates":[[[-16.3666556,28.4299799],[-16.3666941,28.4300633],[-16.3667759,28.4300341],[-16.3667374,28.4299507],[-16.3666556,28.4299799]]]}},{"type":"Feature","id":"way/563740493","properties":{"building":"residential","building:levels":"1","id":"way/563740493"},"geometry":{"type":"Polygon","coordinates":[[[-16.3686942,28.4302717],[-16.3686982,28.4302015],[-16.3686742,28.4302005],[-16.3686281,28.4302137],[-16.3686309,28.4302223],[-16.3686268,28.4302239],[-16.3686323,28.4302406],[-16.3686298,28.4302428],[-16.3686464,28.4302778],[-16.3686942,28.4302717]]]}},{"type":"Feature","id":"way/563740494","properties":{"building":"residential","building:levels":"2","id":"way/563740494"},"geometry":{"type":"Polygon","coordinates":[[[-16.3672417,28.4214932],[-16.3672442,28.4215423],[-16.3673166,28.4215395],[-16.3673142,28.4214903],[-16.3673415,28.4214892],[-16.3673418,28.421496],[-16.3674143,28.4214932],[-16.3674079,28.4213683],[-16.3674067,28.4213444],[-16.3673338,28.4213473],[-16.367335,28.4213712],[-16.3673373,28.4214171],[-16.3673054,28.4214184],[-16.3672381,28.421421],[-16.3672417,28.4214932]]]}},{"type":"Feature","id":"way/563740495","properties":{"building":"residential","building:levels":"1","id":"way/563740495"},"geometry":{"type":"Polygon","coordinates":[[[-16.3687309,28.4301464],[-16.3686817,28.4301536],[-16.3686863,28.430178],[-16.3687355,28.4301707],[-16.3687309,28.4301464]]]}},{"type":"Feature","id":"way/563740496","properties":{"building":"yes","building:levels":"1","id":"way/563740496"},"geometry":{"type":"Polygon","coordinates":[[[-16.3646109,28.415517],[-16.3646937,28.4154965],[-16.3646723,28.415428],[-16.3645921,28.4154479],[-16.3646109,28.415517]]]}},{"type":"Feature","id":"way/563740497","properties":{"building":"residential","building:levels":"1","id":"way/563740497"},"geometry":{"type":"Polygon","coordinates":[[[-16.3715379,28.4285218],[-16.3715661,28.4285332],[-16.3715746,28.4284988],[-16.3715468,28.4284905],[-16.3715379,28.4285218]]]}},{"type":"Feature","id":"way/563740499","properties":{"building":"residential","building:levels":"1","id":"way/563740499"},"geometry":{"type":"Polygon","coordinates":[[[-16.3736011,28.4295667],[-16.3734411,28.4295556],[-16.373434,28.4296357],[-16.3735939,28.4296468],[-16.3736011,28.4295667]]]}},{"type":"Feature","id":"way/563740502","properties":{"building":"residential","building:levels":"1","id":"way/563740502"},"geometry":{"type":"Polygon","coordinates":[[[-16.3742285,28.4312088],[-16.3742214,28.4312284],[-16.3741986,28.4312172],[-16.3741594,28.4312605],[-16.3742005,28.4312837],[-16.3742071,28.4312758],[-16.3742734,28.4312954],[-16.3743382,28.431311],[-16.3743417,28.4313046],[-16.3743621,28.4312529],[-16.3743489,28.4312485],[-16.3742423,28.4312134],[-16.3742285,28.4312088]]]}},{"type":"Feature","id":"way/563740503","properties":{"building":"yes","building:levels":"1","id":"way/563740503"},"geometry":{"type":"Polygon","coordinates":[[[-16.3648493,28.4154305],[-16.3648121,28.4153134],[-16.3646886,28.4153426],[-16.3647257,28.4154626],[-16.3648493,28.4154305]]]}},{"type":"Feature","id":"way/563740504","properties":{"building":"yes","id":"way/563740504"},"geometry":{"type":"Polygon","coordinates":[[[-16.3713448,28.4284545],[-16.3713901,28.4284757],[-16.3714327,28.4284045],[-16.3713874,28.4283834],[-16.3713448,28.4284545]]]}},{"type":"Feature","id":"way/563740505","properties":{"building":"residential","building:levels":"2","id":"way/563740505"},"geometry":{"type":"Polygon","coordinates":[[[-16.370835,28.4289953],[-16.3708732,28.4288988],[-16.3707536,28.4288621],[-16.3707216,28.4289416],[-16.3707209,28.4289476],[-16.3707223,28.4289535],[-16.3707257,28.4289587],[-16.3707308,28.4289628],[-16.370835,28.4289953]]]}},{"type":"Feature","id":"way/563740506","properties":{"building":"residential","building:levels":"1","id":"way/563740506"},"geometry":{"type":"Polygon","coordinates":[[[-16.3685219,28.4289008],[-16.3685225,28.4289648],[-16.3685659,28.4289647],[-16.3685663,28.4289992],[-16.3686125,28.428999],[-16.3686119,28.4289326],[-16.3685635,28.4289327],[-16.3685631,28.4289007],[-16.3685219,28.4289008]]]}},{"type":"Feature","id":"way/563740507","properties":{"building":"yes","building:levels":"1","id":"way/563740507"},"geometry":{"type":"Polygon","coordinates":[[[-16.3669508,28.4299513],[-16.3669063,28.4299631],[-16.3669217,28.4299982],[-16.3669502,28.4299899],[-16.3669572,28.4300005],[-16.3669764,28.4299916],[-16.3669508,28.4299513]]]}},{"type":"Feature","id":"way/563740508","properties":{"building":"residential","building:levels":"1","id":"way/563740508"},"geometry":{"type":"Polygon","coordinates":[[[-16.3723911,28.4313034],[-16.3723971,28.4312854],[-16.3724225,28.431292],[-16.3724466,28.4312202],[-16.3724211,28.4312135],[-16.3724232,28.4312073],[-16.3724385,28.4312113],[-16.3724601,28.4311464],[-16.3723422,28.4311156],[-16.3723296,28.4311534],[-16.3723428,28.4311568],[-16.3723332,28.4311855],[-16.3723511,28.4311902],[-16.3723196,28.4312847],[-16.3723911,28.4313034]]]}},{"type":"Feature","id":"way/563740509","properties":{"building":"yes","building:levels":"1","disused:building":"residential","id":"way/563740509"},"geometry":{"type":"Polygon","coordinates":[[[-16.3721221,28.42811],[-16.3721229,28.4281725],[-16.3721201,28.4281725],[-16.3721204,28.428227],[-16.3721571,28.4282267],[-16.3721567,28.4281948],[-16.3721848,28.4281945],[-16.3721845,28.4281752],[-16.3722319,28.4281747],[-16.372231,28.4281039],[-16.372147,28.4281062],[-16.372147,28.4281104],[-16.3721221,28.42811]]]}},{"type":"Feature","id":"way/563740510","properties":{"building":"residential","building:levels":"2","id":"way/563740510"},"geometry":{"type":"Polygon","coordinates":[[[-16.3711616,28.4281343],[-16.3711881,28.4281379],[-16.3712182,28.4279806],[-16.3710956,28.4279629],[-16.3710799,28.4280434],[-16.3710727,28.4280902],[-16.3710611,28.4281649],[-16.3711553,28.4281761],[-16.3711616,28.4281343]]]}},{"type":"Feature","id":"way/563740511","properties":{"building":"residential","building:levels":"1","id":"way/563740511"},"geometry":{"type":"Polygon","coordinates":[[[-16.3726677,28.4314305],[-16.3727079,28.4314412],[-16.37271,28.4314344],[-16.3727521,28.4314457],[-16.3728014,28.4313107],[-16.3727611,28.431298],[-16.3727481,28.4313361],[-16.3727086,28.4313229],[-16.3726677,28.4314305]]]}},{"type":"Feature","id":"way/563740513","properties":{"building":"residential","building:levels":"1","id":"way/563740513"},"geometry":{"type":"Polygon","coordinates":[[[-16.3667848,28.4234696],[-16.3667568,28.4235339],[-16.3668765,28.4235862],[-16.3669031,28.4235228],[-16.3667848,28.4234696]]]}},{"type":"Feature","id":"way/563740514","properties":{"building":"residential","building:levels":"2","id":"way/563740514"},"geometry":{"type":"Polygon","coordinates":[[[-16.3715523,28.428357],[-16.371558,28.4283305],[-16.3715792,28.428335],[-16.3716043,28.4282297],[-16.3715051,28.4282112],[-16.3714988,28.42824],[-16.3714347,28.4282281],[-16.3714123,28.4283263],[-16.3714551,28.428334],[-16.3714539,28.4283394],[-16.3715523,28.428357]]]}},{"type":"Feature","id":"way/563740516","properties":{"building":"public","building:levels":"1","id":"way/563740516"},"geometry":{"type":"Polygon","coordinates":[[[-16.3654917,28.4235034],[-16.3654666,28.4234734],[-16.3654325,28.4234933],[-16.365454,28.4235219],[-16.3654917,28.4235034]]]}},{"type":"Feature","id":"way/563740517","properties":{"building":"residential","building:levels":"1","id":"way/563740517"},"geometry":{"type":"Polygon","coordinates":[[[-16.37405,28.4311638],[-16.3740253,28.4312392],[-16.3741391,28.4312721],[-16.3741594,28.4312146],[-16.3741814,28.4312208],[-16.3741884,28.4312003],[-16.37405,28.4311638]]]}},{"type":"Feature","id":"way/563740519","properties":{"building":"residential","building:levels":"3","id":"way/563740519"},"geometry":{"type":"Polygon","coordinates":[[[-16.3647529,28.4206407],[-16.3646947,28.4205947],[-16.3646899,28.4205995],[-16.3646523,28.4206362],[-16.3646176,28.4206702],[-16.3646758,28.4207162],[-16.3647529,28.4206407]]]}},{"type":"Feature","id":"way/563740520","properties":{"building":"residential","building:levels":"2","id":"way/563740520"},"geometry":{"type":"Polygon","coordinates":[[[-16.3660804,28.4233191],[-16.3660817,28.42332],[-16.3660581,28.4233456],[-16.3661343,28.4234026],[-16.3662048,28.4233289],[-16.3661225,28.4232726],[-16.36609,28.4232504],[-16.3660488,28.4232975],[-16.3660804,28.4233191]]]}},{"type":"Feature","id":"way/563740521","properties":{"building":"residential","building:levels":"3","id":"way/563740521"},"geometry":{"type":"Polygon","coordinates":[[[-16.3658001,28.4228366],[-16.3658306,28.4227987],[-16.365783,28.4227698],[-16.3657648,28.4227933],[-16.3657337,28.4227744],[-16.3656634,28.4227317],[-16.3656209,28.4227847],[-16.3656739,28.4228503],[-16.3657316,28.4229221],[-16.3658001,28.4228366]]]}},{"type":"Feature","id":"way/563740522","properties":{"building":"residential","building:levels":"2","id":"way/563740522"},"geometry":{"type":"Polygon","coordinates":[[[-16.3664506,28.423407],[-16.3664542,28.4234131],[-16.3665143,28.4233137],[-16.3664867,28.4232973],[-16.3664236,28.4233942],[-16.3663943,28.4233805],[-16.3663882,28.4233895],[-16.3663764,28.4233832],[-16.3663694,28.4233934],[-16.3663258,28.4233705],[-16.3662414,28.4234494],[-16.3662533,28.4234553],[-16.3663734,28.4235225],[-16.3664506,28.423407]]]}},{"type":"Feature","id":"way/563740523","properties":{"building":"residential","building:levels":"1","id":"way/563740523"},"geometry":{"type":"Polygon","coordinates":[[[-16.367403,28.4309483],[-16.3673901,28.4309189],[-16.3672939,28.4309523],[-16.3673026,28.4309748],[-16.36733,28.4309671],[-16.3673323,28.4309724],[-16.367403,28.4309483]]]}},{"type":"Feature","id":"way/563740524","properties":{"building":"yes","building:levels":"1","id":"way/563740524"},"geometry":{"type":"Polygon","coordinates":[[[-16.3677571,28.4294209],[-16.3677003,28.4294406],[-16.3677201,28.4294849],[-16.3677769,28.4294652],[-16.3677571,28.4294209]]]}},{"type":"Feature","id":"way/563740525","properties":{"addr:housenumber":"5","addr:street":"Camino El Pilar","building":"residential","building:levels":"2","id":"way/563740525"},"geometry":{"type":"Polygon","coordinates":[[[-16.3662304,28.4230179],[-16.3661791,28.4231186],[-16.3662934,28.4231636],[-16.3663447,28.423063],[-16.3662304,28.4230179]]]}},{"type":"Feature","id":"way/563740526","properties":{"building":"yes","building:levels":"1","disused:building":"barn","id":"way/563740526"},"geometry":{"type":"Polygon","coordinates":[[[-16.3702115,28.4292988],[-16.3702524,28.4292984],[-16.3702514,28.4292313],[-16.3702759,28.4292311],[-16.3702752,28.4291758],[-16.3702212,28.4291763],[-16.3702218,28.429222],[-16.3702105,28.4292221],[-16.3702115,28.4292988]]]}},{"type":"Feature","id":"way/563740527","properties":{"building":"yes","building:levels":"1","id":"way/563740527"},"geometry":{"type":"Polygon","coordinates":[[[-16.3702349,28.4298983],[-16.3702787,28.4298743],[-16.370234,28.4298111],[-16.3701903,28.429835],[-16.3702349,28.4298983]]]}},{"type":"Feature","id":"way/563740528","properties":{"building":"residential","building:levels":"1","id":"way/563740528"},"geometry":{"type":"Polygon","coordinates":[[[-16.3739937,28.4305521],[-16.3741187,28.43049],[-16.3741313,28.4305095],[-16.3741981,28.4304763],[-16.374107,28.4303347],[-16.3740262,28.4303748],[-16.3740191,28.4303667],[-16.3740095,28.4303609],[-16.3739983,28.4303581],[-16.3739867,28.4303585],[-16.3739758,28.430362],[-16.3739667,28.4303684],[-16.3739603,28.430377],[-16.3739573,28.4303869],[-16.373958,28.4303971],[-16.3739622,28.4304066],[-16.3739152,28.43043],[-16.3739937,28.4305521]]]}},{"type":"Feature","id":"way/563740529","properties":{"building":"yes","building:levels":"1","id":"way/563740529"},"geometry":{"type":"Polygon","coordinates":[[[-16.3670461,28.4300775],[-16.3670321,28.430067],[-16.3669966,28.4300813],[-16.3670125,28.4301195],[-16.3670603,28.430103],[-16.3670461,28.4300775]]]}},{"type":"Feature","id":"way/563740531","properties":{"building":"residential","building:levels":"2","id":"way/563740531"},"geometry":{"type":"Polygon","coordinates":[[[-16.3710793,28.4292568],[-16.3710694,28.4293175],[-16.3711283,28.429325],[-16.3711263,28.429337],[-16.3711565,28.4293408],[-16.3711685,28.4292681],[-16.3711312,28.4292634],[-16.3711367,28.42923],[-16.3711453,28.4292311],[-16.3711518,28.4291918],[-16.3711428,28.4291906],[-16.3711541,28.4291215],[-16.371102,28.4291149],[-16.3710981,28.4291391],[-16.3710752,28.4291362],[-16.3710639,28.4292053],[-16.3710399,28.4292022],[-16.371032,28.4292508],[-16.3710793,28.4292568]]]}},{"type":"Feature","id":"way/563740538","properties":{"building":"residential","building:levels":"1","id":"way/563740538"},"geometry":{"type":"Polygon","coordinates":[[[-16.3645181,28.422171],[-16.3644675,28.4222269],[-16.3644056,28.4221822],[-16.3643796,28.4222099],[-16.3644444,28.4222574],[-16.3644228,28.4222809],[-16.3644585,28.4223071],[-16.3645564,28.422199],[-16.3645181,28.422171]]]}},{"type":"Feature","id":"way/563740540","properties":{"building":"residential","building:levels":"1","id":"way/563740540"},"geometry":{"type":"Polygon","coordinates":[[[-16.3662426,28.422684],[-16.3661903,28.4226509],[-16.3661233,28.4227323],[-16.3660455,28.422684],[-16.3660066,28.4227335],[-16.3660897,28.4227677],[-16.3661487,28.4228113],[-16.3662426,28.422684]]]}},{"type":"Feature","id":"way/563740541","properties":{"addr:housenumber":"8","addr:street":"Camino Marabedí","building":"residential","building:levels":"1","id":"way/563740541"},"geometry":{"type":"Polygon","coordinates":[[[-16.3652878,28.4175084],[-16.3651671,28.4174105],[-16.3651067,28.417473],[-16.3651013,28.417578],[-16.3651496,28.4176299],[-16.3652878,28.4175084]]]}},{"type":"Feature","id":"way/563740542","properties":{"building":"barn","building:levels":"1","id":"way/563740542"},"geometry":{"type":"Polygon","coordinates":[[[-16.3665601,28.4237575],[-16.3665171,28.4238205],[-16.366571,28.4238492],[-16.3666141,28.4237863],[-16.3665601,28.4237575]]]}},{"type":"Feature","id":"way/563740543","properties":{"building":"residential","building:levels":"1","id":"way/563740543"},"geometry":{"type":"Polygon","coordinates":[[[-16.3646552,28.422953],[-16.3646282,28.4229261],[-16.3646431,28.4229144],[-16.3646137,28.4228879],[-16.364533,28.4229514],[-16.3645602,28.4229785],[-16.3645783,28.4229644],[-16.3646059,28.4229918],[-16.3646552,28.422953]]]}},{"type":"Feature","id":"way/563740544","properties":{"building":"residential","building:levels":"1","id":"way/563740544"},"geometry":{"type":"Polygon","coordinates":[[[-16.3718819,28.4281309],[-16.371865,28.4282374],[-16.3719719,28.4282505],[-16.3719892,28.4281448],[-16.3718819,28.4281309]]]}},{"type":"Feature","id":"way/563740545","properties":{"building":"garage","building:levels":"1","id":"way/563740545"},"geometry":{"type":"Polygon","coordinates":[[[-16.3736149,28.4295121],[-16.3736203,28.4294514],[-16.3735696,28.4294468],[-16.3735626,28.4295073],[-16.3736149,28.4295121]]]}},{"type":"Feature","id":"way/563740546","properties":{"building":"residential","building:levels":"1","id":"way/563740546"},"geometry":{"type":"Polygon","coordinates":[[[-16.3665189,28.4211524],[-16.3664527,28.4212467],[-16.3664069,28.4212214],[-16.3663747,28.421278],[-16.3664934,28.4213282],[-16.3665155,28.4212999],[-16.3665323,28.4213093],[-16.3665913,28.421189],[-16.3665189,28.4211524]]]}},{"type":"Feature","id":"way/563740547","properties":{"building":"public","id":"way/563740547"},"geometry":{"type":"Polygon","coordinates":[[[-16.3657221,28.4232623],[-16.3657784,28.423349],[-16.3658087,28.4233323],[-16.3658021,28.4233202],[-16.3657964,28.4232938],[-16.365801,28.4232672],[-16.3658071,28.4232548],[-16.365826,28.4232338],[-16.3658383,28.4232257],[-16.3658664,28.4232156],[-16.3658459,28.4231863],[-16.3657221,28.4232623]]]}},{"type":"Feature","id":"way/563740549","properties":{"building":"residential","building:levels":"1","id":"way/563740549"},"geometry":{"type":"Polygon","coordinates":[[[-16.3657415,28.4195845],[-16.3657298,28.419651],[-16.3657798,28.4196578],[-16.3657717,28.4197039],[-16.3659163,28.4197236],[-16.3659361,28.4196111],[-16.3657415,28.4195845]]]}},{"type":"Feature","id":"way/563740550","properties":{"building":"residential","building:levels":"2","id":"way/563740550"},"geometry":{"type":"Polygon","coordinates":[[[-16.3659901,28.4234845],[-16.3659941,28.4234823],[-16.3659727,28.4234526],[-16.3659687,28.4234549],[-16.3659587,28.4234606],[-16.3659456,28.4234426],[-16.3658958,28.4234708],[-16.3658879,28.4234653],[-16.3658678,28.4234878],[-16.3658704,28.4234896],[-16.365822,28.4235437],[-16.3658804,28.4235845],[-16.3659288,28.4235304],[-16.3659364,28.4235357],[-16.3659565,28.4235132],[-16.3659488,28.4235078],[-16.3659901,28.4234845]]]}},{"type":"Feature","id":"way/563740551","properties":{"building":"public","building:levels":"1","id":"way/563740551"},"geometry":{"type":"Polygon","coordinates":[[[-16.3687706,28.4288046],[-16.3687839,28.4288438],[-16.3688384,28.4288295],[-16.368825,28.4287903],[-16.3687706,28.4288046]]]}},{"type":"Feature","id":"way/563740553","properties":{"building":"residential","building:levels":"1","id":"way/563740553"},"geometry":{"type":"Polygon","coordinates":[[[-16.3673238,28.4216976],[-16.3672648,28.4216984],[-16.3672655,28.421739],[-16.3673245,28.4217382],[-16.3673238,28.4216976]]]}},{"type":"Feature","id":"way/563740554","properties":{"building":"residential","building:levels":"1","id":"way/563740554"},"geometry":{"type":"Polygon","coordinates":[[[-16.3689984,28.4307569],[-16.3689822,28.4307903],[-16.3690904,28.4308239],[-16.3691047,28.4307909],[-16.3689984,28.4307569]]]}},{"type":"Feature","id":"way/563740555","properties":{"abandoned:building":"yes","building":"ruins","id":"way/563740555"},"geometry":{"type":"Polygon","coordinates":[[[-16.3741948,28.4315934],[-16.3742395,28.4316024],[-16.3742954,28.4314281],[-16.3742472,28.4314138],[-16.3741948,28.4315934]]]}},{"type":"Feature","id":"way/563740556","properties":{"building":"residential","building:levels":"1","id":"way/563740556"},"geometry":{"type":"Polygon","coordinates":[[[-16.3649326,28.4179067],[-16.3647462,28.4180478],[-16.3647853,28.4180877],[-16.3648841,28.4180115],[-16.3648806,28.4180079],[-16.3649682,28.4179467],[-16.3649326,28.4179067]]]}},{"type":"Feature","id":"way/563740557","properties":{"building":"residential","building:levels":"1","id":"way/563740557"},"geometry":{"type":"Polygon","coordinates":[[[-16.364334,28.4176515],[-16.3643801,28.417703],[-16.3644884,28.4176355],[-16.3644385,28.4175783],[-16.364334,28.4176515]]]}},{"type":"Feature","id":"way/563740558","properties":{"building":"residential","building:levels":"2","building:levels:underground":"1","id":"way/563740558"},"geometry":{"type":"Polygon","coordinates":[[[-16.3652099,28.4236438],[-16.3652652,28.4236129],[-16.3652043,28.4235388],[-16.3651507,28.4235731],[-16.3650774,28.4236201],[-16.3651333,28.4236868],[-16.3652099,28.4236438]]]}},{"type":"Feature","id":"way/563740559","properties":{"building":"residential","building:levels":"1","building:levels:underground":"1","id":"way/563740559"},"geometry":{"type":"Polygon","coordinates":[[[-16.3646158,28.4173685],[-16.3645708,28.417399],[-16.3645625,28.4173894],[-16.3645244,28.4174152],[-16.3645835,28.4174842],[-16.3646946,28.417409],[-16.3646661,28.417376],[-16.3646654,28.4173702],[-16.3646629,28.4173649],[-16.3646585,28.4173605],[-16.3646529,28.4173575],[-16.3646464,28.4173562],[-16.3646399,28.4173566],[-16.3646339,28.417359],[-16.3646288,28.4173627],[-16.3646254,28.4173676],[-16.3646242,28.4173709],[-16.3646202,28.4173736],[-16.3646158,28.4173685]]]}},{"type":"Feature","id":"way/563740560","properties":{"building":"residential","building:levels":"1","id":"way/563740560"},"geometry":{"type":"Polygon","coordinates":[[[-16.3645132,28.4179597],[-16.3644355,28.4180189],[-16.3644749,28.4180592],[-16.3644586,28.4180714],[-16.364477,28.4180905],[-16.364485,28.4180845],[-16.3645118,28.4181134],[-16.3645962,28.4180517],[-16.3645132,28.4179597]]]}},{"type":"Feature","id":"way/563740561","properties":{"building":"residential","building:levels":"1","id":"way/563740561"},"geometry":{"type":"Polygon","coordinates":[[[-16.365415,28.4177066],[-16.3654117,28.4177089],[-16.3653927,28.4177224],[-16.365363,28.4177434],[-16.3653408,28.4177591],[-16.3653512,28.4177706],[-16.3652822,28.4178192],[-16.3653109,28.4178509],[-16.3654541,28.41775],[-16.365415,28.4177066]]]}},{"type":"Feature","id":"way/563740562","properties":{"building":"barn","building:levels":"1","id":"way/563740562"},"geometry":{"type":"Polygon","coordinates":[[[-16.366256,28.4190456],[-16.3663024,28.4189995],[-16.3662614,28.4189673],[-16.3662151,28.4190134],[-16.366256,28.4190456]]]}},{"type":"Feature","id":"way/563740563","properties":{"building":"barn","building:levels":"1","id":"way/563740563"},"geometry":{"type":"Polygon","coordinates":[[[-16.3660834,28.4197707],[-16.3660919,28.4197355],[-16.3659678,28.4197121],[-16.3659593,28.4197473],[-16.3660834,28.4197707]]]}},{"type":"Feature","id":"way/563740564","properties":{"building":"residential","building:levels":"2","id":"way/563740564"},"geometry":{"type":"Polygon","coordinates":[[[-16.3671124,28.4231065],[-16.3671389,28.4231225],[-16.3671603,28.4230946],[-16.3670593,28.4230337],[-16.3670448,28.4230538],[-16.3670392,28.4230616],[-16.3670153,28.423091],[-16.3670712,28.4231246],[-16.3670636,28.4231342],[-16.3670309,28.4231767],[-16.3670365,28.4231801],[-16.36701,28.4232144],[-16.3670495,28.4232389],[-16.367109,28.4231615],[-16.3670824,28.4231455],[-16.3671124,28.4231065]]]}},{"type":"Feature","id":"way/563740565","properties":{"building":"residential","building:levels":"1","id":"way/563740565"},"geometry":{"type":"Polygon","coordinates":[[[-16.367089,28.4311385],[-16.3671963,28.4311814],[-16.3672285,28.4311191],[-16.3671568,28.4310904],[-16.3671428,28.4311174],[-16.3671073,28.4311031],[-16.367089,28.4311385]]]}},{"type":"Feature","id":"way/563740566","properties":{"building":"residential","building:levels":"1","id":"way/563740566"},"geometry":{"type":"Polygon","coordinates":[[[-16.3636936,28.4196514],[-16.3637414,28.4195818],[-16.363696,28.4195574],[-16.3636482,28.4196269],[-16.3636936,28.4196514]]]}},{"type":"Feature","id":"way/563740567","properties":{"building":"yes","building:levels":"1","id":"way/563740567"},"geometry":{"type":"Polygon","coordinates":[[[-16.3686113,28.4291788],[-16.3686123,28.4291941],[-16.3686665,28.4291763],[-16.36866,28.4291623],[-16.3686113,28.4291788]]]}},{"type":"Feature","id":"way/563740568","properties":{"building":"residential","building:levels":"1","id":"way/563740568"},"geometry":{"type":"Polygon","coordinates":[[[-16.3691059,28.4308285],[-16.3691848,28.4308408],[-16.3691911,28.4308294],[-16.3692074,28.4308331],[-16.3692087,28.4308292],[-16.3692283,28.4308338],[-16.3692706,28.4307376],[-16.3691669,28.4307015],[-16.3691059,28.4308285]]]}},{"type":"Feature","id":"way/563740569","properties":{"building":"residential","building:levels":"1","id":"way/563740569"},"geometry":{"type":"Polygon","coordinates":[[[-16.3636413,28.420057],[-16.3637097,28.4199596],[-16.3636625,28.4199324],[-16.3636181,28.419998],[-16.3635665,28.4199733],[-16.3635872,28.4199385],[-16.3636114,28.4199492],[-16.3636325,28.4199175],[-16.3635303,28.4198597],[-16.3634601,28.4199576],[-16.3636413,28.420057]]]}},{"type":"Feature","id":"way/563740570","properties":{"building":"residential","building:levels":"2","id":"way/563740570"},"geometry":{"type":"Polygon","coordinates":[[[-16.3706704,28.4307506],[-16.3706826,28.4306946],[-16.3705833,28.4306778],[-16.370571,28.4307337],[-16.3705616,28.4307766],[-16.3705474,28.4308417],[-16.3706604,28.4308608],[-16.3706771,28.4307845],[-16.3706635,28.4307822],[-16.3706704,28.4307506]]]}},{"type":"Feature","id":"way/563740571","properties":{"building":"residential","building:levels":"1","id":"way/563740571"},"geometry":{"type":"Polygon","coordinates":[[[-16.364681,28.416908],[-16.3646019,28.416965],[-16.3646876,28.417057],[-16.3647667,28.417],[-16.364681,28.416908]]]}},{"type":"Feature","id":"way/563740576","properties":{"building":"residential","building:levels":"1","id":"way/563740576"},"geometry":{"type":"Polygon","coordinates":[[[-16.3670272,28.4235594],[-16.3670084,28.4235905],[-16.367056,28.4236163],[-16.3670795,28.4235812],[-16.3670272,28.4235594]]]}},{"type":"Feature","id":"way/563740580","properties":{"building":"residential","building:levels":"1","id":"way/563740580"},"geometry":{"type":"Polygon","coordinates":[[[-16.3645197,28.4205636],[-16.3646259,28.4204724],[-16.3645808,28.4204318],[-16.3644747,28.420523],[-16.3645197,28.4205636]]]}},{"type":"Feature","id":"way/563740584","properties":{"building":"residential","building:levels":"1","building:levels:underground":"1","id":"way/563740584"},"geometry":{"type":"Polygon","coordinates":[[[-16.3665876,28.4226251],[-16.366652,28.4225633],[-16.3665807,28.4225123],[-16.3665124,28.4225859],[-16.3665181,28.4225901],[-16.3665011,28.4226087],[-16.3665136,28.4226187],[-16.3664895,28.4226447],[-16.3665174,28.4226656],[-16.3665247,28.422671],[-16.3665022,28.422696],[-16.3665313,28.4227172],[-16.3666038,28.4226365],[-16.3665876,28.4226251]]]}},{"type":"Feature","id":"way/563740585","properties":{"building":"residential","building:levels":"1","id":"way/563740585"},"geometry":{"type":"Polygon","coordinates":[[[-16.3641887,28.42044],[-16.3641921,28.4203822],[-16.3641599,28.4203811],[-16.3641056,28.4203557],[-16.3641329,28.4204585],[-16.3641887,28.42044]]]}},{"type":"Feature","id":"way/563740586","properties":{"building":"residential","building:levels":"1","id":"way/563740586"},"geometry":{"type":"Polygon","coordinates":[[[-16.3666252,28.4236936],[-16.3666764,28.4237245],[-16.3667303,28.4236917],[-16.3666947,28.4236472],[-16.3666252,28.4236936]]]}},{"type":"Feature","id":"way/563740590","properties":{"building":"residential","building:levels":"1","id":"way/563740590"},"geometry":{"type":"Polygon","coordinates":[[[-16.3667568,28.4235339],[-16.3667203,28.4236245],[-16.3668407,28.423671],[-16.3668765,28.4235862],[-16.3667568,28.4235339]]]}},{"type":"Feature","id":"way/563740591","properties":{"building":"yes","building:levels":"1","id":"way/563740591"},"geometry":{"type":"Polygon","coordinates":[[[-16.3716076,28.4283627],[-16.3715608,28.4283543],[-16.3715511,28.4283968],[-16.3715978,28.4284039],[-16.3716076,28.4283627]]]}},{"type":"Feature","id":"way/563740600","properties":{"building":"residential","building:levels":"1","id":"way/563740600"},"geometry":{"type":"Polygon","coordinates":[[[-16.3644428,28.4228386],[-16.3644134,28.422802],[-16.3643689,28.4228297],[-16.3643984,28.4228663],[-16.3644428,28.4228386]]]}},{"type":"Feature","id":"way/563740602","properties":{"building":"residential","building:levels":"1","id":"way/563740602"},"geometry":{"type":"Polygon","coordinates":[[[-16.3644815,28.4227693],[-16.36451,28.4227969],[-16.3645864,28.4227355],[-16.3646185,28.4227075],[-16.3645957,28.4226834],[-16.3645951,28.4226828],[-16.3645578,28.422708],[-16.3644815,28.4227693]]]}},{"type":"Feature","id":"way/563740603","properties":{"building":"residential","building:levels":"1","id":"way/563740603"},"geometry":{"type":"Polygon","coordinates":[[[-16.3727611,28.431298],[-16.3726903,28.4312789],[-16.3726384,28.4314217],[-16.3726677,28.4314305],[-16.3727086,28.4313229],[-16.3727481,28.4313361],[-16.3727611,28.431298]]]}},{"type":"Feature","id":"way/563740604","properties":{"building":"residential","building:levels":"1","id":"way/563740604"},"geometry":{"type":"Polygon","coordinates":[[[-16.3653155,28.4172602],[-16.365258,28.4171986],[-16.3651859,28.4172506],[-16.3652434,28.4173122],[-16.3653155,28.4172602]]]}},{"type":"Feature","id":"way/563740605","properties":{"building":"residential","building:levels":"1","id":"way/563740605"},"geometry":{"type":"Polygon","coordinates":[[[-16.368716,28.4291598],[-16.3687946,28.4291336],[-16.3687766,28.4290905],[-16.3687192,28.4291101],[-16.3687204,28.4291127],[-16.3686989,28.4291204],[-16.368716,28.4291598]]]}},{"type":"Feature","id":"way/563740606","properties":{"building":"residential","building:levels":"1","id":"way/563740606"},"geometry":{"type":"Polygon","coordinates":[[[-16.3707437,28.4282584],[-16.3707292,28.4283432],[-16.3708312,28.4283506],[-16.3708325,28.4283422],[-16.3708838,28.4283446],[-16.3708882,28.4283195],[-16.3708693,28.4283173],[-16.3708818,28.4282444],[-16.3708562,28.4282405],[-16.3708731,28.4281358],[-16.3708763,28.4281161],[-16.3708269,28.4281102],[-16.3708238,28.4281299],[-16.3707884,28.4281257],[-16.3707854,28.4281463],[-16.3707753,28.4281446],[-16.3707614,28.4282253],[-16.3707498,28.4282228],[-16.3707335,28.4282194],[-16.3707194,28.4282551],[-16.3707437,28.4282584]]]}},{"type":"Feature","id":"way/563740608","properties":{"building":"residential","building:levels":"2","id":"way/563740608"},"geometry":{"type":"Polygon","coordinates":[[[-16.3640769,28.420305],[-16.3640733,28.4203103],[-16.3641692,28.420361],[-16.3642505,28.4202421],[-16.3641546,28.4201914],[-16.3641528,28.420194],[-16.3641172,28.4201751],[-16.3640413,28.4202862],[-16.3640769,28.420305]]]}},{"type":"Feature","id":"way/563740609","properties":{"building":"yes","id":"way/563740609"},"geometry":{"type":"Polygon","coordinates":[[[-16.3694022,28.4289964],[-16.3694405,28.4289453],[-16.3693884,28.4289152],[-16.3693502,28.4289663],[-16.3694022,28.4289964]]]}},{"type":"Feature","id":"way/563740610","properties":{"building":"residential","building:levels":"1","id":"way/563740610"},"geometry":{"type":"Polygon","coordinates":[[[-16.3737894,28.4297846],[-16.3737164,28.4297748],[-16.3736917,28.4299172],[-16.3737646,28.429927],[-16.3737894,28.4297846]]]}},{"type":"Feature","id":"way/563740611","properties":{"building":"residential","building:levels":"1","id":"way/563740611"},"geometry":{"type":"Polygon","coordinates":[[[-16.3729242,28.4294715],[-16.3729813,28.4294836],[-16.3729969,28.4294273],[-16.3729388,28.4294144],[-16.3729242,28.4294715]]]}},{"type":"Feature","id":"way/563740612","properties":{"building":"residential","building:levels":"1","id":"way/563740612"},"geometry":{"type":"Polygon","coordinates":[[[-16.367489,28.429344],[-16.3675113,28.429266],[-16.3674586,28.4292543],[-16.3674362,28.4293324],[-16.367489,28.429344]]]}},{"type":"Feature","id":"way/563740613","properties":{"building":"residential","building:levels":"1","id":"way/563740613"},"geometry":{"type":"Polygon","coordinates":[[[-16.3668298,28.4309402],[-16.3668517,28.4308811],[-16.3667816,28.4308632],[-16.366773,28.4308783],[-16.3667518,28.4308738],[-16.3667382,28.4309208],[-16.3666339,28.4309121],[-16.3666342,28.4309407],[-16.3666386,28.4309615],[-16.3666469,28.4309793],[-16.3666659,28.4310057],[-16.3666897,28.4310298],[-16.3667244,28.4310229],[-16.3667272,28.4309737],[-16.3667509,28.430973],[-16.3667696,28.4309253],[-16.3668298,28.4309402]]]}},{"type":"Feature","id":"way/563740614","properties":{"building":"residential","building:levels":"1","id":"way/563740614"},"geometry":{"type":"Polygon","coordinates":[[[-16.36533,28.4196958],[-16.3653722,28.4196622],[-16.3652985,28.4195967],[-16.3652395,28.4196415],[-16.3652126,28.4196179],[-16.3651282,28.419697],[-16.3652549,28.4197848],[-16.3653571,28.4197223],[-16.36533,28.4196958]]]}},{"type":"Feature","id":"way/563740615","properties":{"building":"residential","building:levels":"1","id":"way/563740615"},"geometry":{"type":"Polygon","coordinates":[[[-16.3688309,28.4299426],[-16.3688558,28.4299161],[-16.3688216,28.4299019],[-16.368803,28.4299321],[-16.3688309,28.4299426]]]}},{"type":"Feature","id":"way/563740616","properties":{"building":"residential","building:levels":"1","building:levels:underground":"1","id":"way/563740616"},"geometry":{"type":"Polygon","coordinates":[[[-16.3709128,28.4297228],[-16.3709117,28.4297816],[-16.3710892,28.4297804],[-16.3710888,28.4297482],[-16.3711428,28.4297471],[-16.3711337,28.4295657],[-16.3710209,28.4295704],[-16.3709326,28.4295743],[-16.3709351,28.4296716],[-16.3708841,28.4296713],[-16.3708848,28.4297231],[-16.3709128,28.4297228]]]}},{"type":"Feature","id":"way/563740617","properties":{"building":"yes","building:levels":"1","id":"way/563740617"},"geometry":{"type":"Polygon","coordinates":[[[-16.3699851,28.4299699],[-16.3699962,28.4299149],[-16.3699648,28.42991],[-16.3699538,28.429965],[-16.3699851,28.4299699]]]}},{"type":"Feature","id":"way/563740618","properties":{"building":"residential","building:levels":"1","id":"way/563740618"},"geometry":{"type":"Polygon","coordinates":[[[-16.3700477,28.4297324],[-16.3700537,28.4296906],[-16.3700563,28.4296908],[-16.3700621,28.4296096],[-16.3700579,28.429609],[-16.3700611,28.4295613],[-16.3699963,28.4295593],[-16.3699963,28.4295573],[-16.3699483,28.4295547],[-16.3699406,28.4296851],[-16.3699777,28.4296877],[-16.3699743,28.4297199],[-16.3700477,28.4297324]]]}},{"type":"Feature","id":"way/563740620","properties":{"building":"residential","building:levels":"1","id":"way/563740620"},"geometry":{"type":"Polygon","coordinates":[[[-16.3720503,28.4296673],[-16.372293,28.429679],[-16.3722965,28.4296223],[-16.3720539,28.4296105],[-16.3720503,28.4296673]]]}},{"type":"Feature","id":"way/563740621","properties":{"building":"residential","building:levels":"1","id":"way/563740621"},"geometry":{"type":"Polygon","coordinates":[[[-16.3722388,28.4298416],[-16.3723329,28.4298788],[-16.3723656,28.4298082],[-16.3722783,28.4297767],[-16.3722856,28.4296957],[-16.3722133,28.4296897],[-16.3722058,28.4297722],[-16.3722677,28.429779],[-16.3722388,28.4298416]]]}},{"type":"Feature","id":"way/563740622","properties":{"building":"residential","building:levels":"1","id":"way/563740622"},"geometry":{"type":"Polygon","coordinates":[[[-16.372916,28.4291774],[-16.3727777,28.4291488],[-16.3727351,28.4293254],[-16.3728733,28.429353],[-16.372916,28.4291774]]]}},{"type":"Feature","id":"way/563740623","properties":{"building":"industrial","building:levels":"1","id":"way/563740623"},"geometry":{"type":"Polygon","coordinates":[[[-16.3668342,28.416436],[-16.3667935,28.4163845],[-16.3667621,28.416404],[-16.3667473,28.4164224],[-16.3667859,28.4164598],[-16.3668,28.4164501],[-16.3668038,28.4164548],[-16.3668342,28.416436]]]}},{"type":"Feature","id":"way/563740624","properties":{"building":"yes","building:levels":"1","disused:building":"residential","id":"way/563740624"},"geometry":{"type":"Polygon","coordinates":[[[-16.373458,28.4313079],[-16.3732887,28.4312839],[-16.3732622,28.4314281],[-16.3734316,28.4314521],[-16.373458,28.4313079]]]}},{"type":"Feature","id":"way/563740625","properties":{"building":"residential","building:levels":"1","id":"way/563740625"},"geometry":{"type":"Polygon","coordinates":[[[-16.3688182,28.4290662],[-16.3688262,28.4291234],[-16.3688351,28.4291205],[-16.3688474,28.4291141],[-16.3688533,28.4291084],[-16.3688574,28.4290997],[-16.368859,28.4290911],[-16.3688557,28.4290619],[-16.3688182,28.4290662]]]}},{"type":"Feature","id":"way/563740626","properties":{"building":"residential","building:levels":"2","id":"way/563740626"},"geometry":{"type":"Polygon","coordinates":[[[-16.3663666,28.4293883],[-16.3663604,28.4294279],[-16.366485,28.4294455],[-16.3664898,28.4294145],[-16.3665422,28.4294222],[-16.3665687,28.429302],[-16.3665087,28.4292937],[-16.3663838,28.4292783],[-16.3663666,28.4293883]]]}},{"type":"Feature","id":"way/563740627","properties":{"building":"residential","building:levels":"1","id":"way/563740627"},"geometry":{"type":"Polygon","coordinates":[[[-16.368854,28.429428],[-16.3688791,28.4294283],[-16.3688787,28.429392],[-16.3688534,28.4293922],[-16.3688522,28.4293293],[-16.3687292,28.4293307],[-16.3687304,28.4293747],[-16.3687223,28.4293751],[-16.3687244,28.4294963],[-16.3687699,28.4294973],[-16.3687729,28.4295292],[-16.3688573,28.4295288],[-16.368854,28.429428]]]}},{"type":"Feature","id":"way/563740628","properties":{"building":"residential","building:levels":"1","id":"way/563740628"},"geometry":{"type":"Polygon","coordinates":[[[-16.3792159,28.4169959],[-16.37916,28.4169615],[-16.3790574,28.4170913],[-16.3791239,28.4171145],[-16.3792159,28.4169959]]]}},{"type":"Feature","id":"way/563740629","properties":{"building":"residential","building:levels":"2","id":"way/563740629"},"geometry":{"type":"Polygon","coordinates":[[[-16.3669889,28.4228678],[-16.3670648,28.4227628],[-16.3670181,28.4227367],[-16.3669422,28.4228417],[-16.3669191,28.4228288],[-16.3668904,28.4228685],[-16.3669602,28.4229075],[-16.3669889,28.4228678]]]}},{"type":"Feature","id":"way/563740630","properties":{"building":"residential","building:levels":"2","id":"way/563740630"},"geometry":{"type":"Polygon","coordinates":[[[-16.3642049,28.4173188],[-16.3641751,28.4172909],[-16.3641477,28.4173138],[-16.3641597,28.4173251],[-16.3641302,28.4173497],[-16.364179,28.4173954],[-16.3642085,28.4173707],[-16.3642267,28.4173878],[-16.3642647,28.4173561],[-16.364315,28.4173141],[-16.3642901,28.4172909],[-16.3642983,28.417284],[-16.3642496,28.4172383],[-16.3642153,28.417267],[-16.3642353,28.4172857],[-16.3642278,28.4172919],[-16.3642384,28.4173018],[-16.3642217,28.4173157],[-16.3642111,28.4173245],[-16.3642049,28.4173188]]]}},{"type":"Feature","id":"way/563740631","properties":{"building":"residential","building:levels":"1","id":"way/563740631"},"geometry":{"type":"Polygon","coordinates":[[[-16.3728831,28.4287138],[-16.3729509,28.4287838],[-16.3730184,28.4287327],[-16.3729485,28.4286627],[-16.3728831,28.4287138]]]}},{"type":"Feature","id":"way/563740632","properties":{"building":"residential","building:levels":"1","id":"way/563740632"},"geometry":{"type":"Polygon","coordinates":[[[-16.3660635,28.4236722],[-16.365949,28.4236355],[-16.3659179,28.4237105],[-16.3659028,28.4237057],[-16.3658886,28.42374],[-16.3659855,28.423771],[-16.3659986,28.4237394],[-16.3660314,28.4237498],[-16.3660635,28.4236722]]]}},{"type":"Feature","id":"way/563740633","properties":{"building":"residential","building:levels":"1","id":"way/563740633"},"geometry":{"type":"Polygon","coordinates":[[[-16.3642736,28.4166477],[-16.364293,28.4166703],[-16.3642483,28.4167001],[-16.3642958,28.4167552],[-16.3643241,28.4167363],[-16.364362,28.4167803],[-16.3644617,28.4167139],[-16.3643679,28.416605],[-16.3643561,28.4166129],[-16.3643451,28.4166001],[-16.3642736,28.4166477]]]}},{"type":"Feature","id":"way/563740634","properties":{"building":"residential","building:levels":"1","id":"way/563740634"},"geometry":{"type":"Polygon","coordinates":[[[-16.3725665,28.4311485],[-16.3725513,28.4311731],[-16.3725742,28.4311842],[-16.3725895,28.4311597],[-16.3725665,28.4311485]]]}},{"type":"Feature","id":"way/563740635","properties":{"building":"residential","building:levels":"1","id":"way/563740635"},"geometry":{"type":"Polygon","coordinates":[[[-16.3650236,28.4173899],[-16.3649337,28.4173734],[-16.3649082,28.4174972],[-16.3649827,28.4175202],[-16.3650142,28.4174553],[-16.3650236,28.4173899]]]}},{"type":"Feature","id":"way/563740636","properties":{"building":"residential","building:levels":"1","id":"way/563740636"},"geometry":{"type":"Polygon","coordinates":[[[-16.3743951,28.4309563],[-16.3743171,28.4309624],[-16.3743292,28.4310546],[-16.3744064,28.4310613],[-16.3743951,28.4309563]]]}},{"type":"Feature","id":"way/563740637","properties":{"building":"residential","building:levels":"1","id":"way/563740637"},"geometry":{"type":"Polygon","coordinates":[[[-16.3669339,28.4236164],[-16.3669012,28.4236634],[-16.3669324,28.4236801],[-16.3669652,28.4236329],[-16.3669339,28.4236164]]]}},{"type":"Feature","id":"way/563740638","properties":{"building":"residential","building:levels":"1","id":"way/563740638"},"geometry":{"type":"Polygon","coordinates":[[[-16.364522,28.4175353],[-16.3644638,28.4175855],[-16.364514,28.4176378],[-16.3645511,28.4176157],[-16.3645736,28.4175996],[-16.364522,28.4175353]]]}},{"type":"Feature","id":"way/563740639","properties":{"building":"residential","building:levels":"2","id":"way/563740639"},"geometry":{"type":"Polygon","coordinates":[[[-16.3650216,28.4191254],[-16.3649931,28.4191543],[-16.3650696,28.4192125],[-16.3651818,28.4190985],[-16.365106,28.4190407],[-16.3650825,28.4190646],[-16.3650654,28.4190515],[-16.3650051,28.4191128],[-16.3650216,28.4191254]]]}},{"type":"Feature","id":"way/563740640","properties":{"building":"barn","building:levels":"1","id":"way/563740640"},"geometry":{"type":"Polygon","coordinates":[[[-16.3645103,28.4188168],[-16.3644892,28.4187753],[-16.3643666,28.4188236],[-16.364398,28.4188854],[-16.3644592,28.4188614],[-16.3644488,28.418841],[-16.3645103,28.4188168]]]}},{"type":"Feature","id":"way/563740641","properties":{"building":"residential","building:levels":"1","id":"way/563740641"},"geometry":{"type":"Polygon","coordinates":[[[-16.3665017,28.4297024],[-16.3665617,28.4296914],[-16.366545,28.4296213],[-16.3665322,28.4296061],[-16.3664754,28.4296165],[-16.3664849,28.4296316],[-16.3665017,28.4297024]]]}},{"type":"Feature","id":"way/563740643","properties":{"building":"barn","building:levels":"1","id":"way/563740643"},"geometry":{"type":"Polygon","coordinates":[[[-16.3651275,28.421355],[-16.3651576,28.4212969],[-16.3651074,28.4212768],[-16.3650773,28.4213349],[-16.3651275,28.421355]]]}},{"type":"Feature","id":"way/563740644","properties":{"building":"residential","building:levels":"1","id":"way/563740644"},"geometry":{"type":"Polygon","coordinates":[[[-16.3724898,28.431136],[-16.3724951,28.4310873],[-16.3724617,28.4310836],[-16.3724565,28.4311333],[-16.3724898,28.431136]]]}},{"type":"Feature","id":"way/563740645","properties":{"building":"residential","building:levels":"1","id":"way/563740645"},"geometry":{"type":"Polygon","coordinates":[[[-16.3643811,28.4204009],[-16.3643254,28.4203783],[-16.3642917,28.4204426],[-16.3643475,28.4204651],[-16.3643811,28.4204009]]]}},{"type":"Feature","id":"way/563740646","properties":{"building":"residential","building:levels":"1","id":"way/563740646"},"geometry":{"type":"Polygon","coordinates":[[[-16.3667195,28.4212987],[-16.3666434,28.4212471],[-16.3665396,28.4213482],[-16.3666188,28.4214075],[-16.3667195,28.4212987]]]}},{"type":"Feature","id":"way/563740647","properties":{"building":"residential","building:levels":"2","id":"way/563740647"},"geometry":{"type":"Polygon","coordinates":[[[-16.3670995,28.4229961],[-16.3671652,28.4230363],[-16.3672097,28.4229799],[-16.367144,28.4229397],[-16.3670995,28.4229961]]]}},{"type":"Feature","id":"way/563740648","properties":{"building":"residential","building:levels":"2","id":"way/563740648"},"geometry":{"type":"Polygon","coordinates":[[[-16.3670393,28.4225245],[-16.3670053,28.4224415],[-16.366965,28.4224543],[-16.3669835,28.4224995],[-16.3668928,28.4225282],[-16.3669083,28.422566],[-16.3670393,28.4225245]]]}},{"type":"Feature","id":"way/563740649","properties":{"building":"public","building:levels":"1","id":"way/563740649"},"geometry":{"type":"Polygon","coordinates":[[[-16.3687592,28.4287991],[-16.3687256,28.4288098],[-16.3687314,28.4288301],[-16.3687593,28.4288231],[-16.3687592,28.4287991]]]}},{"type":"Feature","id":"way/563740650","properties":{"building":"residential","building:levels":"1","id":"way/563740650"},"geometry":{"type":"Polygon","coordinates":[[[-16.3669339,28.4236164],[-16.3669652,28.4236329],[-16.3669927,28.4235931],[-16.3669612,28.4235772],[-16.3669339,28.4236164]]]}},{"type":"Feature","id":"way/563740651","properties":{"building":"residential","building:levels":"1","id":"way/563740651"},"geometry":{"type":"Polygon","coordinates":[[[-16.3683212,28.430487],[-16.3683347,28.4304597],[-16.368284,28.43044],[-16.3682716,28.4304648],[-16.3683212,28.430487]]]}},{"type":"Feature","id":"way/563740652","properties":{"building":"residential","building:levels":"2","building:levels:underground":"1","id":"way/563740652"},"geometry":{"type":"Polygon","coordinates":[[[-16.3658189,28.4241013],[-16.3659579,28.4241551],[-16.3659727,28.4241253],[-16.3659412,28.4241131],[-16.365978,28.4240389],[-16.3658097,28.4239736],[-16.3657757,28.4240422],[-16.365758,28.4240777],[-16.3658189,28.4241013]]]}},{"type":"Feature","id":"way/563740653","properties":{"building":"residential","building:levels":"1","id":"way/563740653"},"geometry":{"type":"Polygon","coordinates":[[[-16.3673853,28.4291404],[-16.3672881,28.4291193],[-16.3672799,28.4291488],[-16.3673088,28.429155],[-16.3673065,28.4291633],[-16.3673033,28.4291626],[-16.3672858,28.4292248],[-16.3673573,28.4292403],[-16.3673853,28.4291404]]]}},{"type":"Feature","id":"way/563740654","properties":{"building":"residential","building:levels":"1","id":"way/563740654"},"geometry":{"type":"Polygon","coordinates":[[[-16.3727182,28.4311459],[-16.3727031,28.4311679],[-16.3727207,28.4311773],[-16.3727354,28.4311559],[-16.3727182,28.4311459]]]}},{"type":"Feature","id":"way/563740655","properties":{"building":"residential","building:levels":"1","id":"way/563740655"},"geometry":{"type":"Polygon","coordinates":[[[-16.3671192,28.4293167],[-16.3670009,28.4293112],[-16.3669952,28.4294052],[-16.3671134,28.4294108],[-16.3671192,28.4293167]]]}},{"type":"Feature","id":"way/563740656","properties":{"building":"residential","building:levels":"2","id":"way/563740656"},"geometry":{"type":"Polygon","coordinates":[[[-16.3676477,28.4307041],[-16.3676781,28.4308039],[-16.3677545,28.4307858],[-16.3677241,28.4306861],[-16.3676981,28.4306008],[-16.3676935,28.4305856],[-16.3676523,28.4305954],[-16.3676569,28.4306106],[-16.3676044,28.4306229],[-16.3676304,28.4307082],[-16.3676477,28.4307041]]]}},{"type":"Feature","id":"way/563740657","properties":{"building":"residential","building:levels":"2","id":"way/563740657"},"geometry":{"type":"Polygon","coordinates":[[[-16.3671786,28.4299163],[-16.3672219,28.4298959],[-16.3671743,28.4298177],[-16.367154,28.4298272],[-16.3671736,28.4298594],[-16.3671506,28.4298703],[-16.3670459,28.4299196],[-16.3670739,28.4299656],[-16.3671786,28.4299163]]]}},{"type":"Feature","id":"way/563740658","properties":{"building":"barn","building:levels":"1","id":"way/563740658"},"geometry":{"type":"Polygon","coordinates":[[[-16.3668082,28.430635],[-16.3668666,28.430645],[-16.3668813,28.4305787],[-16.3668229,28.4305687],[-16.3668082,28.430635]]]}},{"type":"Feature","id":"way/563740659","properties":{"building":"residential","building:levels":"1","id":"way/563740659"},"geometry":{"type":"Polygon","coordinates":[[[-16.379226,28.4159922],[-16.3792473,28.4159282],[-16.3791498,28.4159032],[-16.3791085,28.4160279],[-16.379154,28.4160396],[-16.3791742,28.4159789],[-16.379226,28.4159922]]]}},{"type":"Feature","id":"way/563740660","properties":{"building":"public","building:levels":"1","id":"way/563740660"},"geometry":{"type":"Polygon","coordinates":[[[-16.3688619,28.4287665],[-16.3688685,28.4288529],[-16.3689012,28.4288512],[-16.3688982,28.428755],[-16.3688619,28.4287665]]]}},{"type":"Feature","id":"way/563740661","properties":{"building":"barn","building:levels":"1","id":"way/563740661"},"geometry":{"type":"Polygon","coordinates":[[[-16.3676006,28.4217873],[-16.3675827,28.4218618],[-16.3676341,28.4218714],[-16.3676521,28.4217969],[-16.3676006,28.4217873]]]}},{"type":"Feature","id":"way/563740663","properties":{"building":"residential","building:levels":"1","id":"way/563740663"},"geometry":{"type":"Polygon","coordinates":[[[-16.3732896,28.431019],[-16.3732935,28.4309344],[-16.3732357,28.4309323],[-16.3732317,28.4310169],[-16.3732896,28.431019]]]}},{"type":"Feature","id":"way/563740664","properties":{"addr:housenumber":"2","addr:postcode":"38290","addr:street":"Camino El Pinar","building":"residential","building:levels":"1","id":"way/563740664"},"geometry":{"type":"Polygon","coordinates":[[[-16.3663734,28.4235225],[-16.3662533,28.4234553],[-16.3661816,28.4235774],[-16.3662533,28.4236175],[-16.3662978,28.4235408],[-16.3663425,28.4235674],[-16.3663734,28.4235225]]]}},{"type":"Feature","id":"way/563740665","properties":{"building":"residential","building:levels":"2","id":"way/563740665"},"geometry":{"type":"Polygon","coordinates":[[[-16.3657126,28.4231758],[-16.3657158,28.4231797],[-16.3657678,28.4231476],[-16.3657485,28.4231235],[-16.3657131,28.4231453],[-16.3657202,28.4231542],[-16.3657036,28.4231645],[-16.365669,28.4231212],[-16.3656614,28.4231117],[-16.3654966,28.4232136],[-16.3654774,28.4232255],[-16.36551,28.4232664],[-16.3655323,28.4232943],[-16.3656047,28.4232496],[-16.3656274,28.4232356],[-16.3656708,28.4232087],[-16.365667,28.423204],[-16.3657126,28.4231758]]]}},{"type":"Feature","id":"way/563740666","properties":{"building":"residential","building:levels":"1","id":"way/563740666"},"geometry":{"type":"Polygon","coordinates":[[[-16.3678908,28.421337],[-16.3678211,28.4213771],[-16.3678808,28.4214774],[-16.3679498,28.4214219],[-16.3678908,28.421337]]]}},{"type":"Feature","id":"way/563740667","properties":{"building":"residential","building:levels":"1","id":"way/563740667"},"geometry":{"type":"Polygon","coordinates":[[[-16.3656373,28.4199203],[-16.3655736,28.4199899],[-16.3656657,28.4200551],[-16.3656956,28.4200225],[-16.3656547,28.4199935],[-16.3656886,28.4199565],[-16.3656373,28.4199203]]]}},{"type":"Feature","id":"way/563740668","properties":{"building":"barn","building:levels":"1","id":"way/563740668"},"geometry":{"type":"Polygon","coordinates":[[[-16.3688187,28.424243],[-16.3688339,28.424326],[-16.3688919,28.4243177],[-16.3688767,28.4242348],[-16.3688187,28.424243]]]}},{"type":"Feature","id":"way/563740669","properties":{"building":"yes","building:levels":"1","id":"way/563740669"},"geometry":{"type":"Polygon","coordinates":[[[-16.3710539,28.4242063],[-16.3710539,28.4240812],[-16.3709722,28.4240813],[-16.3709722,28.4242063],[-16.3710539,28.4242063]]]}},{"type":"Feature","id":"way/563740670","properties":{"building":"industrial","building:levels":"1","id":"way/563740670"},"geometry":{"type":"Polygon","coordinates":[[[-16.366661,28.4165436],[-16.3666733,28.4164224],[-16.3666162,28.4163894],[-16.3665996,28.4164166],[-16.3663799,28.4162996],[-16.3663138,28.4163967],[-16.3665122,28.416507],[-16.366535,28.4164822],[-16.366661,28.4165436]]]}},{"type":"Feature","id":"way/563740671","properties":{"building":"industrial","building:levels":"1","id":"way/563740671"},"geometry":{"type":"Polygon","coordinates":[[[-16.3668134,28.4162448],[-16.3667635,28.4161776],[-16.3666647,28.4162347],[-16.3667145,28.416302],[-16.3668134,28.4162448]]]}},{"type":"Feature","id":"way/563740672","properties":{"building":"residential","building:levels":"1","id":"way/563740672"},"geometry":{"type":"Polygon","coordinates":[[[-16.3665232,28.4295649],[-16.3665292,28.4296022],[-16.3665698,28.4295959],[-16.3665719,28.4296159],[-16.3666195,28.4296083],[-16.3666563,28.4296666],[-16.3667518,28.4296541],[-16.3666718,28.4295381],[-16.3665232,28.4295649]]]}},{"type":"Feature","id":"way/563740673","properties":{"building":"residential","building:levels":"3","id":"way/563740673"},"geometry":{"type":"Polygon","coordinates":[[[-16.3732501,28.4306938],[-16.3732536,28.4306396],[-16.3732128,28.430637],[-16.3732123,28.4306459],[-16.3731641,28.4306426],[-16.3731619,28.4306731],[-16.3731229,28.4306707],[-16.3731143,28.4307681],[-16.3731177,28.4307682],[-16.373116,28.4308021],[-16.3732068,28.4308064],[-16.3732085,28.4307739],[-16.3732162,28.4307748],[-16.3732171,28.4307653],[-16.373243,28.4307654],[-16.3732501,28.4306938]]]}},{"type":"Feature","id":"way/563740674","properties":{"building":"industrial","building:levels":"1","id":"way/563740674"},"geometry":{"type":"Polygon","coordinates":[[[-16.3669909,28.4162447],[-16.3668869,28.4163095],[-16.3669212,28.4163521],[-16.3670252,28.4162872],[-16.3669909,28.4162447]]]}},{"type":"Feature","id":"way/563740675","properties":{"building":"residential","building:levels":"1","id":"way/563740675"},"geometry":{"type":"Polygon","coordinates":[[[-16.3683834,28.4306919],[-16.3683808,28.4306916],[-16.3683828,28.4306844],[-16.3683551,28.430676],[-16.3683538,28.4306835],[-16.3683223,28.4306743],[-16.3682975,28.4307317],[-16.3683111,28.4307354],[-16.3683034,28.4307595],[-16.3683495,28.4307716],[-16.3683834,28.4306919]]]}},{"type":"Feature","id":"way/563740676","properties":{"building":"industrial","building:levels":"1","id":"way/563740676"},"geometry":{"type":"Polygon","coordinates":[[[-16.3648249,28.4178472],[-16.3648496,28.4178715],[-16.3648998,28.4178318],[-16.364875,28.4178075],[-16.3648249,28.4178472]]]}},{"type":"Feature","id":"way/563740677","properties":{"building":"residential","building:levels":"1","id":"way/563740677"},"geometry":{"type":"Polygon","coordinates":[[[-16.3702893,28.4302045],[-16.3701406,28.430188],[-16.3701291,28.4302726],[-16.3701863,28.4302787],[-16.3701839,28.4302965],[-16.3702287,28.4303012],[-16.3702314,28.4302816],[-16.370278,28.4302867],[-16.3702893,28.4302045]]]}},{"type":"Feature","id":"way/563740678","properties":{"building":"residential","building:levels":"2","id":"way/563740678"},"geometry":{"type":"Polygon","coordinates":[[[-16.3655863,28.4175902],[-16.3655978,28.4175831],[-16.3655663,28.417541],[-16.3655547,28.417548],[-16.3655391,28.4175271],[-16.3654539,28.4175777],[-16.3654386,28.4175868],[-16.3654489,28.4176004],[-16.3654857,28.4176495],[-16.3654888,28.4176477],[-16.365501,28.4176405],[-16.3655154,28.4176321],[-16.3655863,28.4175902]]]}},{"type":"Feature","id":"way/563740679","properties":{"building":"residential","building:levels":"1","id":"way/563740679"},"geometry":{"type":"Polygon","coordinates":[[[-16.3741391,28.4316473],[-16.3741092,28.4316361],[-16.3741155,28.4316222],[-16.3740617,28.4316008],[-16.3739902,28.4317447],[-16.3739445,28.4317289],[-16.3739234,28.4317683],[-16.3740633,28.4318154],[-16.3741277,28.4316732],[-16.374131,28.4316663],[-16.3741391,28.4316473]]]}},{"type":"Feature","id":"way/563740680","properties":{"building":"residential","building:levels":"2","building:levels:underground":"1","id":"way/563740680"},"geometry":{"type":"Polygon","coordinates":[[[-16.3655462,28.417671],[-16.3656705,28.4175966],[-16.3656395,28.4175574],[-16.3655978,28.4175831],[-16.3655863,28.4175902],[-16.3655154,28.4176321],[-16.365501,28.4176405],[-16.3654888,28.4176477],[-16.3655192,28.4176872],[-16.3655462,28.417671]]]}},{"type":"Feature","id":"way/563740681","properties":{"building":"residential","building:levels":"1","id":"way/563740681"},"geometry":{"type":"Polygon","coordinates":[[[-16.3663561,28.4184533],[-16.3664182,28.4185076],[-16.3664422,28.4184862],[-16.3663803,28.4184319],[-16.3663561,28.4184533]]]}},{"type":"Feature","id":"way/563740682","properties":{"building":"barn","building:levels":"1","id":"way/563740682"},"geometry":{"type":"Polygon","coordinates":[[[-16.3660804,28.422478],[-16.3660838,28.4224734],[-16.366112,28.422428],[-16.3660237,28.4223852],[-16.3659925,28.4224353],[-16.3660804,28.422478]]]}},{"type":"Feature","id":"way/563740683","properties":{"building":"barn","building:levels":"1","id":"way/563740683"},"geometry":{"type":"Polygon","coordinates":[[[-16.3688101,28.4194802],[-16.3689358,28.4194757],[-16.368934,28.4194369],[-16.3688846,28.4194387],[-16.3688843,28.4194325],[-16.368808,28.4194352],[-16.3688101,28.4194802]]]}},{"type":"Feature","id":"way/563740684","properties":{"building":"residential","building:levels":"1","building:levels:underground":"1","id":"way/563740684"},"geometry":{"type":"Polygon","coordinates":[[[-16.3705404,28.4295672],[-16.3704497,28.4295671],[-16.3704476,28.4296603],[-16.3705384,28.4296608],[-16.3705404,28.4295672]]]}},{"type":"Feature","id":"way/563740685","properties":{"addr:housenumber":"2","addr:postcode":"38290","building":"yes","building:levels":"1","disused:building":"residential","id":"way/563740685"},"geometry":{"type":"Polygon","coordinates":[[[-16.3665453,28.4299209],[-16.3665406,28.4299227],[-16.3665729,28.429988],[-16.3666492,28.4299589],[-16.3666166,28.4298928],[-16.3666135,28.4298939],[-16.3666022,28.429871],[-16.3665336,28.4298971],[-16.3665453,28.4299209]]]}},{"type":"Feature","id":"way/563740687","properties":{"building":"yes","building:levels":"1","id":"way/563740687"},"geometry":{"type":"Polygon","coordinates":[[[-16.3709111,28.4243305],[-16.3709118,28.4241761],[-16.3708365,28.4241758],[-16.3708363,28.4242174],[-16.3708071,28.4242173],[-16.3708075,28.4241389],[-16.370736,28.4241386],[-16.3707352,28.424308],[-16.3708099,28.4243083],[-16.3708102,28.4242435],[-16.3708336,28.4242436],[-16.3708332,28.4243303],[-16.3709111,28.4243305]]]}},{"type":"Feature","id":"way/563740690","properties":{"building":"residential","building:levels":"1","id":"way/563740690"},"geometry":{"type":"Polygon","coordinates":[[[-16.3742423,28.4312134],[-16.3743489,28.4312485],[-16.3743971,28.4311225],[-16.3743356,28.4311035],[-16.3743229,28.4311358],[-16.3742733,28.4311443],[-16.3742423,28.4312134]]]}},{"type":"Feature","id":"way/563964461","properties":{"building":"residential","building:levels":"2","id":"way/563964461"},"geometry":{"type":"Polygon","coordinates":[[[-16.36353,28.4243144],[-16.3635232,28.4243262],[-16.3636139,28.4243766],[-16.3637067,28.4242521],[-16.3637626,28.424215],[-16.363676,28.4241638],[-16.3636814,28.4241503],[-16.3635602,28.4240919],[-16.363553,28.4241034],[-16.3635322,28.4240934],[-16.363518,28.4241164],[-16.3635547,28.4241342],[-16.3635266,28.4241761],[-16.3634311,28.4241362],[-16.3633837,28.4242388],[-16.3634282,28.4242574],[-16.3634225,28.4242675],[-16.36353,28.4243144]]]}},{"type":"Feature","id":"way/563964463","properties":{"building":"residential","building:levels":"1","id":"way/563964463"},"geometry":{"type":"Polygon","coordinates":[[[-16.3632954,28.4253728],[-16.363444,28.4254327],[-16.3634849,28.425347],[-16.3633565,28.425291],[-16.3633335,28.4253458],[-16.3633103,28.4253372],[-16.3632954,28.4253728]]]}},{"type":"Feature","id":"way/563964465","properties":{"building":"residential","building:levels":"1","id":"way/563964465"},"geometry":{"type":"Polygon","coordinates":[[[-16.3650787,28.4316381],[-16.3650731,28.4316352],[-16.3650571,28.4316592],[-16.3650806,28.4316713],[-16.3650866,28.4316624],[-16.3651329,28.4316863],[-16.3651595,28.4316464],[-16.3650953,28.4316132],[-16.3650787,28.4316381]]]}},{"type":"Feature","id":"way/563964466","properties":{"building":"residential","building:levels":"2","id":"way/563964466"},"geometry":{"type":"Polygon","coordinates":[[[-16.3650195,28.431783],[-16.3650608,28.4317212],[-16.3650526,28.431717],[-16.3650742,28.4316848],[-16.3650101,28.4316517],[-16.3649886,28.4316839],[-16.3649616,28.4316699],[-16.3649203,28.4317317],[-16.3650195,28.431783]]]}},{"type":"Feature","id":"way/563964469","properties":{"building":"barn","building:levels":"1","id":"way/563964469"},"geometry":{"type":"Polygon","coordinates":[[[-16.3643498,28.4232877],[-16.3643132,28.4233246],[-16.3643492,28.4233486],[-16.364384,28.4233151],[-16.3643498,28.4232877]]]}},{"type":"Feature","id":"way/563964470","properties":{"building":"residential","building:levels":"1","id":"way/563964470"},"geometry":{"type":"Polygon","coordinates":[[[-16.3660166,28.4256985],[-16.366054,28.4257315],[-16.36614,28.4256651],[-16.3661148,28.425642],[-16.3660745,28.4256712],[-16.3660622,28.425662],[-16.3660166,28.4256985]]]}},{"type":"Feature","id":"way/563964472","properties":{"building":"residential","building:levels":"1","id":"way/563964472"},"geometry":{"type":"Polygon","coordinates":[[[-16.3627557,28.4276095],[-16.3628047,28.4276196],[-16.3628113,28.4275951],[-16.3627622,28.4275849],[-16.3627557,28.4276095]]]}},{"type":"Feature","id":"way/563964478","properties":{"building":"residential","building:levels":"1","id":"way/563964478"},"geometry":{"type":"Polygon","coordinates":[[[-16.3662008,28.4316548],[-16.3662528,28.4316241],[-16.366285,28.4315705],[-16.3662748,28.4315645],[-16.3663024,28.4315166],[-16.3662481,28.4314924],[-16.3662232,28.4315356],[-16.3662377,28.431542],[-16.3661783,28.4316447],[-16.3662008,28.4316548]]]}},{"type":"Feature","id":"way/563964480","properties":{"building":"residential","building:levels":"1","id":"way/563964480"},"geometry":{"type":"Polygon","coordinates":[[[-16.3660195,28.4255975],[-16.3659769,28.4255956],[-16.3659738,28.4256476],[-16.3660165,28.4256495],[-16.3660195,28.4255975]]]}},{"type":"Feature","id":"way/563964482","properties":{"building":"residential","building:levels":"1","id":"way/563964482"},"geometry":{"type":"Polygon","coordinates":[[[-16.3661473,28.4253931],[-16.3660728,28.4254322],[-16.3660886,28.4254611],[-16.3660714,28.4254723],[-16.3660738,28.4255063],[-16.3660899,28.4255323],[-16.3660549,28.4255506],[-16.3660874,28.4255926],[-16.3662259,28.4255124],[-16.3661473,28.4253931]]]}},{"type":"Feature","id":"way/563964483","properties":{"building":"residential","building:levels":"1","id":"way/563964483"},"geometry":{"type":"Polygon","coordinates":[[[-16.3644363,28.4240432],[-16.3645271,28.4240746],[-16.3645451,28.4240347],[-16.3644575,28.4239982],[-16.3644363,28.4240432]]]}},{"type":"Feature","id":"way/563964484","properties":{"building":"barn","building:levels":"1","id":"way/563964484"},"geometry":{"type":"Polygon","coordinates":[[[-16.3624057,28.4274867],[-16.3624312,28.4274335],[-16.3624433,28.4273899],[-16.3623923,28.427437],[-16.3623638,28.4274678],[-16.362299,28.4275356],[-16.3623458,28.4275565],[-16.3624057,28.4274867]]]}},{"type":"Feature","id":"way/563964488","properties":{"building":"barn","building:levels":"1","building:levels:underground":"1","id":"way/563964488"},"geometry":{"type":"Polygon","coordinates":[[[-16.3644765,28.4233898],[-16.3644942,28.4233768],[-16.3644353,28.4233116],[-16.364417,28.423325],[-16.3643811,28.423351],[-16.3643928,28.4233634],[-16.3643726,28.4233785],[-16.3643898,28.4233963],[-16.3643692,28.4234103],[-16.3644019,28.4234449],[-16.3644765,28.4233898]]]}},{"type":"Feature","id":"way/563964489","properties":{"building":"residential","building:levels":"1","id":"way/563964489"},"geometry":{"type":"Polygon","coordinates":[[[-16.3645755,28.4243601],[-16.3644503,28.4243346],[-16.364433,28.424402],[-16.3645167,28.424419],[-16.3645117,28.4244381],[-16.3645586,28.4244465],[-16.3645755,28.4243601]]]}},{"type":"Feature","id":"way/563964491","properties":{"building":"residential","building:levels":"3","id":"way/563964491"},"geometry":{"type":"Polygon","coordinates":[[[-16.3647483,28.424491],[-16.3647731,28.4244084],[-16.3647481,28.4244024],[-16.3647044,28.4243917],[-16.3646794,28.4243857],[-16.3646745,28.4244018],[-16.3646452,28.4243947],[-16.3646247,28.4244608],[-16.3646546,28.4244681],[-16.3646796,28.4244742],[-16.3647233,28.4244848],[-16.3647483,28.424491]]]}},{"type":"Feature","id":"way/563964492","properties":{"building":"residential","building:levels":"1","building:levels:underground":"1","id":"way/563964492"},"geometry":{"type":"Polygon","coordinates":[[[-16.3635844,28.4250057],[-16.3635424,28.4249728],[-16.3635139,28.4250009],[-16.3635493,28.4250286],[-16.3635071,28.4251006],[-16.3634562,28.4250891],[-16.3634463,28.4251249],[-16.3634888,28.4251342],[-16.3634861,28.4251439],[-16.3635443,28.4251566],[-16.3635469,28.4251472],[-16.3635544,28.4251488],[-16.3635643,28.4251135],[-16.3635526,28.4251107],[-16.3635653,28.425089],[-16.3635691,28.4250905],[-16.3635862,28.4250692],[-16.3635787,28.4250656],[-16.3635841,28.4250565],[-16.3636066,28.4250741],[-16.363635,28.4250459],[-16.3636065,28.4250235],[-16.3636103,28.4250197],[-16.3635879,28.4250022],[-16.3635844,28.4250057]]]}},{"type":"Feature","id":"way/563964493","properties":{"building":"barn","building:levels":"1","id":"way/563964493"},"geometry":{"type":"Polygon","coordinates":[[[-16.3655791,28.4252181],[-16.3655282,28.4252132],[-16.3655237,28.4252497],[-16.3655746,28.4252546],[-16.3655791,28.4252181]]]}},{"type":"Feature","id":"way/563964501","properties":{"building":"barn","building:levels":"1","id":"way/563964501"},"geometry":{"type":"Polygon","coordinates":[[[-16.3654761,28.4325599],[-16.3655263,28.4324675],[-16.3654759,28.432447],[-16.3654279,28.4325393],[-16.3654761,28.4325599]]]}},{"type":"Feature","id":"way/563964503","properties":{"building":"barn","building:levels":"1","id":"way/563964503"},"geometry":{"type":"Polygon","coordinates":[[[-16.3652635,28.4330062],[-16.3652865,28.4330186],[-16.3652307,28.4331071],[-16.3652695,28.4331277],[-16.3653398,28.4330177],[-16.3652823,28.4329806],[-16.3652635,28.4330062]]]}},{"type":"Feature","id":"way/563964504","properties":{"building":"residential","building:levels":"2","id":"way/563964504"},"geometry":{"type":"Polygon","coordinates":[[[-16.3631482,28.4252383],[-16.3631658,28.4251998],[-16.3630675,28.4251646],[-16.3630411,28.4252223],[-16.3630614,28.4252296],[-16.3630389,28.4252789],[-16.3630577,28.4252857],[-16.3631168,28.4253068],[-16.3631482,28.4252383]]]}},{"type":"Feature","id":"way/563964507","properties":{"building":"residential","building:levels":"2","id":"way/563964507"},"geometry":{"type":"Polygon","coordinates":[[[-16.3668937,28.4317768],[-16.366933,28.4317262],[-16.366888,28.4316993],[-16.3668488,28.4317498],[-16.3667482,28.4316895],[-16.3667202,28.4317257],[-16.3668657,28.431813],[-16.3668937,28.4317768]]]}},{"type":"Feature","id":"way/563964511","properties":{"building":"residential","building:levels":"1","id":"way/563964511"},"geometry":{"type":"Polygon","coordinates":[[[-16.3633621,28.4232719],[-16.3631554,28.4233194],[-16.3631781,28.423416],[-16.3634721,28.4233512],[-16.3634464,28.4232572],[-16.3633621,28.4232719]]]}},{"type":"Feature","id":"way/563964515","properties":{"building":"barn","building:levels":"1","id":"way/563964515"},"geometry":{"type":"Polygon","coordinates":[[[-16.3646642,28.4308111],[-16.3646134,28.4308243],[-16.3646257,28.4308607],[-16.3646765,28.4308474],[-16.3646642,28.4308111]]]}},{"type":"Feature","id":"way/563964519","properties":{"building":"barn","building:levels":"1","id":"way/563964519"},"geometry":{"type":"Polygon","coordinates":[[[-16.3652286,28.4249421],[-16.3652123,28.4249927],[-16.3652497,28.4249999],[-16.3652622,28.4249485],[-16.3652286,28.4249421]]]}},{"type":"Feature","id":"way/563964523","properties":{"abandoned:building":"yes","building":"ruins","building:levels":"1","id":"way/563964523"},"geometry":{"type":"Polygon","coordinates":[[[-16.3634238,28.4275155],[-16.363532,28.4275735],[-16.3635816,28.4274967],[-16.3634695,28.4274453],[-16.3634238,28.4275155]]]}},{"type":"Feature","id":"way/563964526","properties":{"building":"residential","building:levels":"1","building:levels:underground":"1","id":"way/563964526"},"geometry":{"type":"Polygon","coordinates":[[[-16.3641083,28.4248172],[-16.3642318,28.4248578],[-16.3642648,28.4247801],[-16.3641414,28.4247395],[-16.3641083,28.4248172]]]}},{"type":"Feature","id":"way/563964529","properties":{"building":"residential","building:levels":"1","id":"way/563964529"},"geometry":{"type":"Polygon","coordinates":[[[-16.3640945,28.4251564],[-16.3640556,28.4252388],[-16.3639897,28.4252153],[-16.3639665,28.4252637],[-16.3641231,28.4253188],[-16.3641838,28.4251891],[-16.3640945,28.4251564]]]}},{"type":"Feature","id":"way/563964533","properties":{"building":"residential","building:levels":"1","id":"way/563964533"},"geometry":{"type":"Polygon","coordinates":[[[-16.3652635,28.4330062],[-16.3652112,28.4329779],[-16.365161,28.43307],[-16.3652307,28.4331071],[-16.3652865,28.4330186],[-16.3652635,28.4330062]]]}},{"type":"Feature","id":"way/563964534","properties":{"building":"residential","building:levels":"2","id":"way/563964534"},"geometry":{"type":"Polygon","coordinates":[[[-16.3640546,28.4255505],[-16.3640718,28.4255001],[-16.364075,28.425492],[-16.3639844,28.4254642],[-16.3639634,28.4255224],[-16.3639506,28.4255587],[-16.3639532,28.4255684],[-16.3639618,28.4255757],[-16.3640374,28.4256008],[-16.3640546,28.4255505]]]}},{"type":"Feature","id":"way/563964537","properties":{"building":"residential","building:levels":"2","id":"way/563964537"},"geometry":{"type":"Polygon","coordinates":[[[-16.3653437,28.4286921],[-16.3653256,28.4288104],[-16.3654165,28.4288223],[-16.3654138,28.4288353],[-16.3654508,28.4288401],[-16.365454,28.4287101],[-16.3653437,28.4286921]]]}},{"type":"Feature","id":"way/563964543","properties":{"building":"residential","building:levels":"1","id":"way/563964543"},"geometry":{"type":"Polygon","coordinates":[[[-16.3665028,28.4320938],[-16.36636,28.4322465],[-16.3664156,28.4322836],[-16.3663854,28.4323308],[-16.3664196,28.4323562],[-16.3664512,28.4323119],[-16.3665866,28.432158],[-16.3665028,28.4320938]]]}},{"type":"Feature","id":"way/563964548","properties":{"addr:housenumber":"4","addr:postcode":"38290","addr:street":"Camino de los Chamuscos","building":"residential","building:levels":"1","id":"way/563964548"},"geometry":{"type":"Polygon","coordinates":[[[-16.3625364,28.4328245],[-16.3625372,28.4328221],[-16.36258,28.432744],[-16.362437,28.4326818],[-16.3623894,28.4327792],[-16.3624794,28.4328055],[-16.3624661,28.432841],[-16.3625329,28.4328631],[-16.3625482,28.4328284],[-16.3625364,28.4328245]]]}},{"type":"Feature","id":"way/563964549","properties":{"building":"residential","building:levels":"1","id":"way/563964549"},"geometry":{"type":"Polygon","coordinates":[[[-16.3650589,28.4327839],[-16.3651518,28.4328243],[-16.3651905,28.4327485],[-16.365097,28.4327086],[-16.3650589,28.4327839]]]}},{"type":"Feature","id":"way/563964558","properties":{"building":"residential","building:levels":"1","id":"way/563964558"},"geometry":{"type":"Polygon","coordinates":[[[-16.3661882,28.429975],[-16.366207,28.4300091],[-16.366306,28.4299654],[-16.3662263,28.4298153],[-16.3661086,28.4298709],[-16.36617,28.4299823],[-16.3661882,28.429975]]]}},{"type":"Feature","id":"way/563964561","properties":{"building":"residential","building:levels":"1","id":"way/563964561"},"geometry":{"type":"Polygon","coordinates":[[[-16.3645315,28.4241],[-16.3645075,28.4241928],[-16.3645897,28.4242088],[-16.3646122,28.4241166],[-16.3646095,28.4241158],[-16.3645315,28.4241]]]}},{"type":"Feature","id":"way/563964568","properties":{"building":"residential","building:levels":"1","id":"way/563964568"},"geometry":{"type":"Polygon","coordinates":[[[-16.3625921,28.4273934],[-16.3626002,28.4273155],[-16.3625184,28.4272943],[-16.3624942,28.427384],[-16.3625921,28.4273934]]]}},{"type":"Feature","id":"way/563964570","properties":{"addr:housenumber":"4","addr:postcode":"38290","addr:street":"Camino Los Panascos Alto","building":"residential","building:levels":"2","id":"way/563964570"},"geometry":{"type":"Polygon","coordinates":[[[-16.3635498,28.4236005],[-16.3636206,28.4234662],[-16.3635228,28.4234265],[-16.3634474,28.4235641],[-16.3634435,28.423571],[-16.3635465,28.4236067],[-16.3635498,28.4236005]]]}},{"type":"Feature","id":"way/563964571","properties":{"building":"residential","building:levels":"1","id":"way/563964571"},"geometry":{"type":"Polygon","coordinates":[[[-16.3636517,28.4277847],[-16.3636904,28.4278071],[-16.36373,28.4277537],[-16.3638097,28.4277929],[-16.3638368,28.42775],[-16.3637187,28.4276944],[-16.3636517,28.4277847]]]}},{"type":"Feature","id":"way/563964572","properties":{"building":"residential","building:levels":"1","id":"way/563964572"},"geometry":{"type":"Polygon","coordinates":[[[-16.3647268,28.4281253],[-16.3648391,28.4281451],[-16.364845,28.4281075],[-16.364861,28.4280554],[-16.3647592,28.4280272],[-16.3647268,28.4281253]]]}},{"type":"Feature","id":"way/563964573","properties":{"building":"residential","building:levels":"2","id":"way/563964573"},"geometry":{"type":"Polygon","coordinates":[[[-16.3659664,28.4279591],[-16.3660103,28.4278428],[-16.3659135,28.4278063],[-16.3658648,28.4279245],[-16.3659664,28.4279591]]]}},{"type":"Feature","id":"way/563964574","properties":{"building":"barn","building:levels":"1","id":"way/563964574"},"geometry":{"type":"Polygon","coordinates":[[[-16.3623797,28.4271281],[-16.3624638,28.4271376],[-16.3624701,28.4270947],[-16.362386,28.4270852],[-16.3623797,28.4271281]]]}},{"type":"Feature","id":"way/563964575","properties":{"building":"residential","building:levels":"1","id":"way/563964575"},"geometry":{"type":"Polygon","coordinates":[[[-16.3647316,28.4274379],[-16.3646814,28.4274362],[-16.3646628,28.4275661],[-16.3646498,28.427564],[-16.3646408,28.4276171],[-16.3647725,28.4276256],[-16.3648031,28.4274863],[-16.3647347,28.4274894],[-16.3647316,28.4274379]]]}},{"type":"Feature","id":"way/563964577","properties":{"building":"residential","building:levels":"1","id":"way/563964577"},"geometry":{"type":"Polygon","coordinates":[[[-16.3625685,28.4267731],[-16.3626122,28.4267856],[-16.3626439,28.4266993],[-16.3626451,28.4266954],[-16.3626013,28.4266829],[-16.3625868,28.4266788],[-16.3625539,28.426769],[-16.3625685,28.4267731]]]}},{"type":"Feature","id":"way/563964582","properties":{"building":"barn","building:levels":"1","id":"way/563964582"},"geometry":{"type":"Polygon","coordinates":[[[-16.3650156,28.4256021],[-16.3649959,28.4256634],[-16.3650721,28.4256932],[-16.3650991,28.4256341],[-16.3650156,28.4256021]]]}},{"type":"Feature","id":"way/563964583","properties":{"building":"residential","building:levels":"1","id":"way/563964583"},"geometry":{"type":"Polygon","coordinates":[[[-16.3641223,28.4248348],[-16.3641097,28.4249645],[-16.364139,28.4249667],[-16.3641503,28.424841],[-16.3641223,28.4248348]]]}},{"type":"Feature","id":"way/563964587","properties":{"building":"barn","building:levels":"1","id":"way/563964587"},"geometry":{"type":"Polygon","coordinates":[[[-16.3631781,28.423416],[-16.3631554,28.4233194],[-16.3633621,28.4232719],[-16.3633646,28.4230378],[-16.3633928,28.422967],[-16.3633002,28.4229257],[-16.3631889,28.4229364],[-16.3631872,28.4229629],[-16.36303,28.4229404],[-16.3629744,28.4229221],[-16.362941,28.4232415],[-16.3628851,28.4232578],[-16.3629229,28.423359],[-16.3629782,28.4233452],[-16.3630257,28.4234276],[-16.3630912,28.423441],[-16.3631781,28.423416]]]}},{"type":"Feature","id":"way/563964591","properties":{"building":"residential","building:levels":"1","id":"way/563964591"},"geometry":{"type":"Polygon","coordinates":[[[-16.3633855,28.4243517],[-16.3633633,28.424395],[-16.3635542,28.4244707],[-16.3635764,28.4244274],[-16.3633855,28.4243517]]]}},{"type":"Feature","id":"way/563964592","properties":{"building":"residential","building:levels":"1","id":"way/563964592"},"geometry":{"type":"Polygon","coordinates":[[[-16.3635813,28.4256899],[-16.3635931,28.4256479],[-16.3635287,28.425642],[-16.3635232,28.4256787],[-16.3635813,28.4256899]]]}},{"type":"Feature","id":"way/563964593","properties":{"building":"residential","building:levels":"1","id":"way/563964593"},"geometry":{"type":"Polygon","coordinates":[[[-16.3669792,28.4277971],[-16.3669658,28.4277789],[-16.3668954,28.4277124],[-16.3668643,28.4277333],[-16.3668246,28.4277569],[-16.3668747,28.4278042],[-16.3668271,28.4278338],[-16.3668621,28.4278681],[-16.3669792,28.4277971]]]}},{"type":"Feature","id":"way/563964596","properties":{"building":"residential","building:levels":"1","id":"way/563964596"},"geometry":{"type":"Polygon","coordinates":[[[-16.3639782,28.4289554],[-16.3639876,28.4288783],[-16.3638827,28.4288683],[-16.3638733,28.4289454],[-16.3639782,28.4289554]]]}},{"type":"Feature","id":"way/563964598","properties":{"building":"residential","building:levels":"1","id":"way/563964598"},"geometry":{"type":"Polygon","coordinates":[[[-16.3641932,28.4292722],[-16.364188,28.4292964],[-16.3642337,28.429304],[-16.3642486,28.4292344],[-16.3642112,28.4292282],[-16.3642364,28.4291104],[-16.3642219,28.429108],[-16.3642309,28.4290658],[-16.3641522,28.4290528],[-16.3641262,28.4291743],[-16.3640783,28.4291663],[-16.3640549,28.4292758],[-16.3641411,28.4292901],[-16.3641465,28.4292645],[-16.3641932,28.4292722]]]}},{"type":"Feature","id":"way/563964600","properties":{"building":"residential","building:levels":"1","id":"way/563964600"},"geometry":{"type":"Polygon","coordinates":[[[-16.363702,28.4273924],[-16.3635796,28.4273408],[-16.3635557,28.4273727],[-16.3634802,28.4273323],[-16.3634585,28.4273749],[-16.3635476,28.4274247],[-16.3635513,28.4274038],[-16.3636693,28.4274548],[-16.363702,28.4273924]]]}},{"type":"Feature","id":"way/563964601","properties":{"building":"residential","building:levels":"2","id":"way/563964601"},"geometry":{"type":"Polygon","coordinates":[[[-16.3637199,28.4320077],[-16.3637104,28.432025],[-16.3636958,28.4320194],[-16.3636537,28.4321029],[-16.3636677,28.432109],[-16.3636482,28.4321469],[-16.3637194,28.4321739],[-16.363792,28.4320346],[-16.3637199,28.4320077]]]}},{"type":"Feature","id":"way/563964602","properties":{"building":"residential","building:levels":"1","id":"way/563964602"},"geometry":{"type":"Polygon","coordinates":[[[-16.3632059,28.4252176],[-16.3631854,28.4252457],[-16.3632217,28.4252653],[-16.3632391,28.4252337],[-16.3632059,28.4252176]]]}},{"type":"Feature","id":"way/563964603","properties":{"building":"residential","building:levels":"1","id":"way/563964603"},"geometry":{"type":"Polygon","coordinates":[[[-16.3631446,28.4328188],[-16.363102,28.432802],[-16.3630718,28.4328617],[-16.3630109,28.4328391],[-16.3629931,28.4328764],[-16.3630935,28.432918],[-16.3631446,28.4328188]]]}},{"type":"Feature","id":"way/563964609","properties":{"building":"residential","building:levels":"1","id":"way/563964609"},"geometry":{"type":"Polygon","coordinates":[[[-16.3634049,28.4237092],[-16.363507,28.423744],[-16.3635324,28.4236807],[-16.3633932,28.4236355],[-16.3633939,28.4236417],[-16.3634049,28.4237092]]]}},{"type":"Feature","id":"way/563964610","properties":{"building":"residential","building:levels":"2","id":"way/563964610"},"geometry":{"type":"Polygon","coordinates":[[[-16.3640515,28.4245467],[-16.3640578,28.4244802],[-16.3639805,28.4244744],[-16.3639747,28.4245409],[-16.3639717,28.4245743],[-16.3640484,28.42458],[-16.3640515,28.4245467]]]}},{"type":"Feature","id":"way/563964618","properties":{"building":"residential","building:levels":"1","id":"way/563964618"},"geometry":{"type":"Polygon","coordinates":[[[-16.3639115,28.4327469],[-16.3639981,28.4327779],[-16.3640455,28.4326746],[-16.3639629,28.4326414],[-16.3639243,28.4327226],[-16.3639115,28.4327469]]]}},{"type":"Feature","id":"way/563964636","properties":{"building":"residential","building:levels":"1","id":"way/563964636"},"geometry":{"type":"Polygon","coordinates":[[[-16.3661567,28.4300481],[-16.3661794,28.4300851],[-16.3662279,28.4300625],[-16.3662058,28.430026],[-16.3661567,28.4300481]]]}},{"type":"Feature","id":"way/563964637","properties":{"building":"barn","building:levels":"1","id":"way/563964637"},"geometry":{"type":"Polygon","coordinates":[[[-16.364357,28.4232831],[-16.3644378,28.4231861],[-16.364401,28.423155],[-16.3643372,28.4232653],[-16.364357,28.4232831]]]}},{"type":"Feature","id":"way/563964638","properties":{"building":"residential","building:levels":"1","id":"way/563964638"},"geometry":{"type":"Polygon","coordinates":[[[-16.3646997,28.4322272],[-16.3646578,28.4323094],[-16.3648098,28.4323694],[-16.3648711,28.4322491],[-16.3648409,28.4322372],[-16.3648216,28.4322752],[-16.3646997,28.4322272]]]}},{"type":"Feature","id":"way/563964641","properties":{"building":"residential","building:levels":"1","building:levels:underground":"1","id":"way/563964641"},"geometry":{"type":"Polygon","coordinates":[[[-16.362392,28.426898],[-16.362529,28.4269274],[-16.3625575,28.4268245],[-16.3624206,28.4267951],[-16.362392,28.426898]]]}},{"type":"Feature","id":"way/563964643","properties":{"building":"yes","building:levels":"1","id":"way/563964643"},"geometry":{"type":"Polygon","coordinates":[[[-16.36383,28.4233497],[-16.3638204,28.423349],[-16.363823,28.4233227],[-16.3638232,28.4232918],[-16.3637229,28.4232669],[-16.3636962,28.4233354],[-16.3637535,28.4233443],[-16.3637443,28.4233641],[-16.3637368,28.4233949],[-16.3638272,28.4234138],[-16.36383,28.4233497]]]}},{"type":"Feature","id":"way/563964653","properties":{"building":"residential","building:levels":"1","id":"way/563964653"},"geometry":{"type":"Polygon","coordinates":[[[-16.3626868,28.4277654],[-16.3627547,28.4277847],[-16.3628043,28.4276499],[-16.3627364,28.4276306],[-16.3626868,28.4277654]]]}},{"type":"Feature","id":"way/563964656","properties":{"building":"barn","building:levels":"1","id":"way/563964656"},"geometry":{"type":"Polygon","coordinates":[[[-16.3646111,28.4310151],[-16.3645865,28.4309752],[-16.3644946,28.431019],[-16.3645166,28.4310574],[-16.3646111,28.4310151]]]}},{"type":"Feature","id":"way/563964660","properties":{"building":"residential","building:levels":"3","id":"way/563964660"},"geometry":{"type":"Polygon","coordinates":[[[-16.3645242,28.4281963],[-16.3646377,28.4281988],[-16.3646444,28.4281461],[-16.3645279,28.4281344],[-16.3644917,28.4281307],[-16.3644943,28.4281957],[-16.3645242,28.4281963]]]}},{"type":"Feature","id":"way/563964662","properties":{"building":"residential","building:levels":"1","id":"way/563964662"},"geometry":{"type":"Polygon","coordinates":[[[-16.3629235,28.4278402],[-16.3629809,28.427856],[-16.3630087,28.427778],[-16.3629512,28.427762],[-16.3629235,28.4278402]]]}},{"type":"Feature","id":"way/563964665","properties":{"building":"barn","building:levels":"1","id":"way/563964665"},"geometry":{"type":"Polygon","coordinates":[[[-16.3636921,28.4230122],[-16.3637911,28.4231399],[-16.3638213,28.4231216],[-16.3637201,28.4229911],[-16.3636929,28.4230076],[-16.3636921,28.4230122]]]}},{"type":"Feature","id":"way/563964666","properties":{"building":"residential","building:levels":"1","id":"way/563964666"},"geometry":{"type":"Polygon","coordinates":[[[-16.3672002,28.4313396],[-16.3671138,28.4313696],[-16.3670331,28.4313282],[-16.3669942,28.4313873],[-16.3672129,28.4315],[-16.3672002,28.4313396]]]}},{"type":"Feature","id":"way/563964668","properties":{"building":"barn","building:levels":"1","id":"way/563964668"},"geometry":{"type":"Polygon","coordinates":[[[-16.3650256,28.432946],[-16.3650765,28.4329552],[-16.3650995,28.4329129],[-16.3650411,28.432899],[-16.3650256,28.432946]]]}},{"type":"Feature","id":"way/563964669","properties":{"building":"residential","building:levels":"2","id":"way/563964669"},"geometry":{"type":"Polygon","coordinates":[[[-16.3650893,28.4292451],[-16.3650909,28.4292662],[-16.3651685,28.4292654],[-16.3651641,28.429186],[-16.3651561,28.429047],[-16.365074,28.429052],[-16.3650845,28.4291862],[-16.3650291,28.4291874],[-16.3650346,28.4292476],[-16.3650893,28.4292451]]]}},{"type":"Feature","id":"way/563964670","properties":{"building":"residential","building:levels":"1","id":"way/563964670"},"geometry":{"type":"Polygon","coordinates":[[[-16.3644311,28.4328294],[-16.364386,28.4329229],[-16.3644975,28.4329644],[-16.3645602,28.4328343],[-16.3645272,28.4328219],[-16.3645095,28.4328587],[-16.3644311,28.4328294]]]}},{"type":"Feature","id":"way/563964671","properties":{"building":"barn","building:levels":"1","id":"way/563964671"},"geometry":{"type":"Polygon","coordinates":[[[-16.3636135,28.4319624],[-16.3635869,28.4319541],[-16.363561,28.4319715],[-16.3635362,28.4320222],[-16.363539,28.4320228],[-16.3635131,28.4320844],[-16.3635577,28.4321001],[-16.3635844,28.4320276],[-16.3635818,28.4320271],[-16.3636135,28.4319624]]]}},{"type":"Feature","id":"way/563964673","properties":{"building":"barn","building:levels":"1","id":"way/563964673"},"geometry":{"type":"Polygon","coordinates":[[[-16.3628043,28.4318765],[-16.3628392,28.431834],[-16.3627898,28.4318023],[-16.3627549,28.4318448],[-16.3628043,28.4318765]]]}},{"type":"Feature","id":"way/563964677","properties":{"building":"residential","building:levels":"1","id":"way/563964677"},"geometry":{"type":"Polygon","coordinates":[[[-16.3651989,28.4277158],[-16.3652271,28.4276305],[-16.3651897,28.4276167],[-16.3651914,28.4276077],[-16.3651392,28.4275949],[-16.3651226,28.4276456],[-16.3651365,28.4276537],[-16.3651271,28.427686],[-16.3651989,28.4277158]]]}},{"type":"Feature","id":"way/563964684","properties":{"building":"residential","building:levels":"1","id":"way/563964684"},"geometry":{"type":"Polygon","coordinates":[[[-16.3631411,28.427425],[-16.363105,28.4274134],[-16.3630965,28.4274342],[-16.3631068,28.4274366],[-16.3630871,28.4274925],[-16.3631195,28.4275025],[-16.3631467,28.4274296],[-16.3631411,28.427425]]]}},{"type":"Feature","id":"way/570468113","properties":{"building":"yes","building:levels":"1","id":"way/570468113"},"geometry":{"type":"Polygon","coordinates":[[[-16.3710612,28.4244118],[-16.3710558,28.4242396],[-16.3709736,28.4242416],[-16.370979,28.4244138],[-16.3710612,28.4244118]]]}},{"type":"Feature","id":"way/577312356","properties":{"landuse":"construction","id":"way/577312356"},"geometry":{"type":"Polygon","coordinates":[[[-16.3643616,28.4165507],[-16.3642411,28.4164111],[-16.3640603,28.4165559],[-16.3641764,28.4166761],[-16.3643616,28.4165507]]]}},{"type":"Feature","id":"way/607499397","properties":{"building":"barn","building:levels":"1","id":"way/607499397"},"geometry":{"type":"Polygon","coordinates":[[[-16.3827633,28.4102845],[-16.3827662,28.4102901],[-16.3827699,28.4103001],[-16.3827437,28.4103068],[-16.3827523,28.4103347],[-16.3828602,28.4103033],[-16.3828451,28.4102601],[-16.3827633,28.4102845]]]}},{"type":"Feature","id":"way/607499398","properties":{"building":"barn","building:levels":"1","id":"way/607499398"},"geometry":{"type":"Polygon","coordinates":[[[-16.3837916,28.4113928],[-16.3838324,28.4113787],[-16.3838193,28.4113484],[-16.3838417,28.4113482],[-16.3838413,28.4113082],[-16.3837745,28.4113087],[-16.3837767,28.4113399],[-16.3837669,28.4113443],[-16.3837916,28.4113928]]]}},{"type":"Feature","id":"way/607499399","properties":{"building":"barn","building:levels":"1","id":"way/607499399"},"geometry":{"type":"Polygon","coordinates":[[[-16.3829196,28.4113301],[-16.3830005,28.4113515],[-16.3830158,28.4113068],[-16.3829348,28.4112852],[-16.3829196,28.4113301]]]}},{"type":"Feature","id":"way/607499400","properties":{"building":"barn","building:levels":"1","id":"way/607499400"},"geometry":{"type":"Polygon","coordinates":[[[-16.3843032,28.4120129],[-16.3843482,28.4119598],[-16.3843068,28.4119299],[-16.3842918,28.4119432],[-16.384258,28.4119831],[-16.3843032,28.4120129]]]}},{"type":"Feature","id":"way/1217479357","properties":{"natural":"scrub","id":"way/1217479357"},"geometry":{"type":"Polygon","coordinates":[[[-16.3961466,28.4376079],[-16.3964367,28.4376729],[-16.3967204,28.4379115],[-16.3976889,28.4381077],[-16.398334,28.4376603],[-16.3987191,28.4369182],[-16.3990663,28.4363564],[-16.3990597,28.4358584],[-16.3990587,28.4357834],[-16.398505,28.4348785],[-16.3981408,28.4346748],[-16.3979585,28.4344333],[-16.3979657,28.4341374],[-16.3977548,28.4339563],[-16.3974172,28.4339077],[-16.3972546,28.4336128],[-16.3973076,28.4332597],[-16.397009,28.432782],[-16.3964382,28.4329616],[-16.3960847,28.4329561],[-16.396034,28.4326675],[-16.3963475,28.4323631],[-16.3963926,28.432052],[-16.3965769,28.4319946],[-16.3968581,28.4321017],[-16.3967472,28.4315299],[-16.3964507,28.4305567],[-16.3960386,28.431023],[-16.3958689,28.4306609],[-16.3957494,28.4302944],[-16.3955586,28.4300896],[-16.3951983,28.4303385],[-16.3950107,28.430465],[-16.3947326,28.4307185],[-16.3943522,28.4312043],[-16.3941415,28.4314679],[-16.3938467,28.4317541],[-16.3936155,28.4319635],[-16.3932929,28.4328049],[-16.392513,28.433589],[-16.3924279,28.4336898],[-16.3923975,28.4336911],[-16.3923941,28.4336915],[-16.3923902,28.4336923],[-16.3923874,28.4336932],[-16.3923855,28.4336939],[-16.3922923,28.4337361],[-16.3922898,28.4337375],[-16.3922874,28.4337391],[-16.3922846,28.4337416],[-16.3922821,28.4337443],[-16.39228,28.4337474],[-16.3922783,28.4337506],[-16.3922773,28.4337539],[-16.3922307,28.4339634],[-16.3922303,28.4339662],[-16.3922302,28.4339688],[-16.3922303,28.4339709],[-16.3922445,28.4340968],[-16.3922488,28.4341077],[-16.3922756,28.4341453],[-16.3920868,28.434502],[-16.3920542,28.4348038],[-16.3919296,28.4351201],[-16.3918288,28.4354581],[-16.3922042,28.4352564],[-16.3924411,28.435368],[-16.3928247,28.4357018],[-16.3922764,28.4364848],[-16.3925993,28.4366573],[-16.3934599,28.4375063],[-16.3935621,28.4376398],[-16.3940871,28.4372774],[-16.3942632,28.4372048],[-16.394321,28.437181],[-16.3945713,28.4371503],[-16.3947656,28.4371988],[-16.3951586,28.4374336],[-16.3955363,28.4374363],[-16.3958845,28.4372942],[-16.3958887,28.4372925],[-16.3961466,28.4376079]]]}},{"type":"Feature","id":"way/1423533575","properties":{"natural":"wood","id":"way/1423533575"},"geometry":{"type":"Polygon","coordinates":[[[-16.3668613,28.425958],[-16.3667515,28.4259845],[-16.3665691,28.4259814],[-16.3664565,28.4260569],[-16.366224,28.426104],[-16.3659719,28.4261528],[-16.3656804,28.4260946],[-16.3654891,28.4259657],[-16.3653031,28.4258587],[-16.3652692,28.4257376],[-16.3651279,28.4256496],[-16.3650778,28.4257203],[-16.3648865,28.4256244],[-16.3646683,28.4255238],[-16.3644806,28.4255316],[-16.364393,28.42581],[-16.3643018,28.4261261],[-16.3642052,28.4261937],[-16.3640425,28.4261151],[-16.3639263,28.4259893],[-16.36403,28.4258351],[-16.3640193,28.4257203],[-16.3638386,28.4257502],[-16.3636634,28.4257266],[-16.3634649,28.4256857],[-16.363093,28.4255489],[-16.3629786,28.4255426],[-16.3627515,28.4253728],[-16.3628534,28.4252439],[-16.3626191,28.4251998],[-16.3624868,28.4252061],[-16.362181,28.4252093],[-16.3618663,28.4252533],[-16.361575,28.4252865],[-16.361052,28.4251524],[-16.3605009,28.4250073],[-16.3603141,28.4248731],[-16.3603577,28.4247362],[-16.360227,28.4247034],[-16.3600277,28.4248293],[-16.3597662,28.4249799],[-16.3597133,28.4250702],[-16.3596666,28.4252455],[-16.3595109,28.4254727],[-16.3593552,28.4255603],[-16.3595296,28.4257575],[-16.3598253,28.4259984],[-16.3599343,28.4258971],[-16.3600215,28.4258205],[-16.3602052,28.4258424],[-16.3605445,28.4259847],[-16.3609928,28.4261271],[-16.3612544,28.4262667],[-16.3613197,28.4261901],[-16.3615314,28.426086],[-16.3618459,28.4261517],[-16.3623783,28.4262476],[-16.3626055,28.4262695],[-16.3626927,28.4261627],[-16.3629075,28.4261298],[-16.363029,28.4263817],[-16.3631846,28.4264091],[-16.3632843,28.4263325],[-16.3635053,28.4265268],[-16.3641155,28.4266172],[-16.3645265,28.4266966],[-16.364816,28.4266993],[-16.3651709,28.426776],[-16.3653608,28.4267705],[-16.3655041,28.426713],[-16.3655726,28.4266391],[-16.3652643,28.4264639],[-16.3653391,28.4263653],[-16.3656442,28.4264913],[-16.3658683,28.4265926],[-16.3661049,28.4264967],[-16.3662762,28.4263845],[-16.3666933,28.4261873],[-16.3669051,28.4261162],[-16.3670612,28.4260695],[-16.3668613,28.425958]]]}},{"type":"Feature","id":"way/1423533576","properties":{"natural":"wood","id":"way/1423533576"},"geometry":{"type":"Polygon","coordinates":[[[-16.3666186,28.4267514],[-16.3665532,28.4266227],[-16.3661454,28.4266199],[-16.3658808,28.4266774],[-16.3661734,28.4268061],[-16.3664256,28.4269512],[-16.366656,28.4270909],[-16.3666996,28.4269841],[-16.3666186,28.4267514]]]}},{"type":"Feature","id":"way/1423533577","properties":{"natural":"wood","id":"way/1423533577"},"geometry":{"type":"Polygon","coordinates":[[[-16.3722183,28.416394],[-16.3721221,28.4162283],[-16.3719161,28.4159613],[-16.3716993,28.4157945],[-16.371412,28.4156848],[-16.3712982,28.4154989],[-16.3710271,28.4156419],[-16.3708591,28.4155561],[-16.3708645,28.4153749],[-16.3708374,28.4152414],[-16.3706856,28.4150602],[-16.3702737,28.4147456],[-16.370317,28.414531],[-16.3700514,28.4140638],[-16.3696936,28.4134869],[-16.3694335,28.4131294],[-16.3686637,28.4130722],[-16.3685987,28.413301],[-16.3686258,28.4136538],[-16.3685065,28.4139589],[-16.3684144,28.4141496],[-16.3683005,28.4139351],[-16.367997,28.4138254],[-16.3678561,28.4140877],[-16.3677693,28.4142164],[-16.3681054,28.4144548],[-16.3682734,28.4146836],[-16.3683331,28.4150412],[-16.3681488,28.4148457],[-16.3678723,28.414531],[-16.367688,28.414369],[-16.3674278,28.4142212],[-16.3671839,28.4139875],[-16.3671622,28.4137492],[-16.3665659,28.4134774],[-16.3662407,28.4133487],[-16.3664359,28.4137444],[-16.3665063,28.4139923],[-16.3667069,28.4142879],[-16.3669074,28.4145167],[-16.3673086,28.4144738],[-16.3673194,28.4146121],[-16.3670863,28.4147742],[-16.3672706,28.4148934],[-16.3674983,28.4147408],[-16.3675308,28.4149125],[-16.3672869,28.4150459],[-16.3673303,28.4151556],[-16.3675308,28.4153225],[-16.3674604,28.4154798],[-16.3676392,28.4157849],[-16.3675525,28.4161329],[-16.3678073,28.416214],[-16.3679157,28.4160376],[-16.3680675,28.4158278],[-16.368474,28.4156514],[-16.3690432,28.415475],[-16.3692112,28.4152986],[-16.3693793,28.4153892],[-16.3691462,28.4156991],[-16.368642,28.4159947],[-16.3681217,28.4161377],[-16.3680078,28.4162617],[-16.3678669,28.4163093],[-16.3676338,28.4162664],[-16.3673682,28.4161377],[-16.3671634,28.4162001],[-16.3670707,28.4161472],[-16.3668854,28.4160594],[-16.3664684,28.415904],[-16.3665444,28.416072],[-16.3668176,28.4161786],[-16.3669634,28.4162328],[-16.3671298,28.4163719],[-16.3672715,28.4163611],[-16.3676474,28.4164099],[-16.3679658,28.4165165],[-16.3681671,28.4166339],[-16.3684101,28.4169199],[-16.3687356,28.4171369],[-16.3690753,28.4170992],[-16.3692935,28.4170929],[-16.3694759,28.4171652],[-16.3694477,28.4172664],[-16.3698482,28.4176015],[-16.3699665,28.4171914],[-16.370286,28.4169685],[-16.3701089,28.4169073],[-16.3699444,28.416857],[-16.370116,28.4166085],[-16.3703413,28.4164166],[-16.3705809,28.4163285],[-16.3708134,28.4162593],[-16.3711889,28.4162845],[-16.3713177,28.416404],[-16.3712783,28.4164481],[-16.3711363,28.4165012],[-16.3714406,28.4166494],[-16.3718389,28.4166882],[-16.3721286,28.4165448],[-16.3722183,28.416394]]]}},{"type":"Feature","id":"way/1423533578","properties":{"natural":"wood","id":"way/1423533578"},"geometry":{"type":"Polygon","coordinates":[[[-16.3668076,28.4149362],[-16.3667697,28.4147694],[-16.366553,28.4144939],[-16.3662303,28.4143832],[-16.3660216,28.4144571],[-16.3659647,28.414593],[-16.3660108,28.4147574],[-16.3661734,28.4149434],[-16.366355,28.4151913],[-16.3663035,28.4154487],[-16.3665122,28.4154225],[-16.3667561,28.4152962],[-16.3669974,28.4153295],[-16.3671383,28.4153105],[-16.3669675,28.4150959],[-16.3668076,28.4149362]]]}},{"type":"Feature","id":"way/1423533579","properties":{"natural":"wood","id":"way/1423533579"},"geometry":{"type":"Polygon","coordinates":[[[-16.3690124,28.4207583],[-16.3691595,28.4203346],[-16.3692304,28.4200208],[-16.3689887,28.4199589],[-16.3686525,28.4199151],[-16.36864,28.419989],[-16.3683505,28.4200876],[-16.3680889,28.4200109],[-16.3679644,28.4202519],[-16.3681232,28.4205175],[-16.3682944,28.4206708],[-16.3685186,28.4206982],[-16.3686525,28.420794],[-16.3688642,28.4206489],[-16.3690124,28.4207583]]]}},{"type":"Feature","id":"way/1423533580","properties":{"natural":"wood","id":"way/1423533580"},"geometry":{"type":"Polygon","coordinates":[[[-16.3684311,28.422449],[-16.3686227,28.4226043],[-16.3688576,28.4227947],[-16.3689931,28.4225693],[-16.3689979,28.4221194],[-16.3691919,28.4218003],[-16.3689352,28.4215334],[-16.3689099,28.4214708],[-16.3686618,28.4214977],[-16.3685528,28.4215525],[-16.368366,28.4215443],[-16.3681979,28.421651],[-16.3679924,28.4215114],[-16.3677838,28.4215771],[-16.367815,28.4216839],[-16.3681606,28.4218208],[-16.368447,28.4220262],[-16.3686089,28.4221795],[-16.368584,28.4223465],[-16.3684311,28.422449]]]}},{"type":"Feature","id":"way/1423533581","properties":{"natural":"wood","id":"way/1423533581"},"geometry":{"type":"Polygon","coordinates":[[[-16.3680837,28.4176248],[-16.367927,28.4175808],[-16.3675628,28.4174055],[-16.3675161,28.4176164],[-16.3675877,28.4178436],[-16.3675379,28.4180955],[-16.3672608,28.4178765],[-16.3672048,28.4180572],[-16.3670522,28.418153],[-16.3668685,28.4182461],[-16.3667222,28.4181969],[-16.3666786,28.4180161],[-16.3667938,28.4179313],[-16.3667969,28.4175452],[-16.3669432,28.417244],[-16.3666475,28.4168634],[-16.3663392,28.4170359],[-16.3664326,28.4173508],[-16.3662988,28.4175178],[-16.3658909,28.4171372],[-16.3659158,28.4168579],[-16.3657664,28.4165786],[-16.3656014,28.4164444],[-16.3654052,28.4162637],[-16.3649476,28.4160638],[-16.3645242,28.4159953],[-16.3642782,28.4158146],[-16.3641973,28.4159817],[-16.364381,28.416135],[-16.3645584,28.4163595],[-16.3647172,28.416721],[-16.3649289,28.41694],[-16.3651803,28.4171085],[-16.3653928,28.4172686],[-16.3656543,28.4172686],[-16.3659345,28.4175835],[-16.3656917,28.4176191],[-16.3655889,28.4177697],[-16.3655796,28.4181585],[-16.3656792,28.4184433],[-16.3658567,28.4185857],[-16.3660435,28.4184898],[-16.3662054,28.4184077],[-16.3663803,28.4184319],[-16.3665416,28.4186131],[-16.366708,28.4188849],[-16.3668312,28.4188978],[-16.3670366,28.418802],[-16.3673293,28.4186267],[-16.3675099,28.4186021],[-16.3677309,28.418854],[-16.367899,28.418854],[-16.367899,28.4186322],[-16.3677091,28.4184433],[-16.3679675,28.4184077],[-16.3683318,28.4183392],[-16.368531,28.4181175],[-16.3685466,28.4178491],[-16.3687957,28.4177642],[-16.3689015,28.4179203],[-16.369079,28.4178738],[-16.3690727,28.4177095],[-16.3690849,28.4176857],[-16.3686104,28.4176439],[-16.3683676,28.4178792],[-16.3680498,28.4177427],[-16.3680837,28.4176248]]]}},{"type":"Feature","id":"way/1423533582","properties":{"natural":"wood","id":"way/1423533582"},"geometry":{"type":"Polygon","coordinates":[[[-16.3665186,28.4165446],[-16.366375,28.4164826],[-16.3661663,28.4164373],[-16.3660633,28.4165517],[-16.3661934,28.416628],[-16.3664508,28.4168401],[-16.3665674,28.4168235],[-16.3666297,28.4166208],[-16.3665186,28.4165446]]]}},{"type":"Feature","id":"way/1423533583","properties":{"natural":"wood","id":"way/1423533583"},"geometry":{"type":"Polygon","coordinates":[[[-16.3785904,28.4137924],[-16.3781893,28.413821],[-16.3779941,28.4138782],[-16.3775551,28.414007],[-16.3777665,28.4140451],[-16.3785796,28.4141977],[-16.379024,28.4144265],[-16.3788235,28.4140689],[-16.3785904,28.4137924]]]}},{"type":"Feature","id":"way/1423533584","properties":{"natural":"wood","id":"way/1423533584"},"geometry":{"type":"Polygon","coordinates":[[[-16.3733053,28.411194],[-16.3728012,28.4110367],[-16.3724976,28.4110558],[-16.3719393,28.410908],[-16.3715273,28.4105742],[-16.3715761,28.4107268],[-16.3718255,28.4111511],[-16.3720965,28.411399],[-16.3721561,28.4117089],[-16.3724597,28.4118901],[-16.3728716,28.4119044],[-16.3731101,28.4117089],[-16.3735492,28.4117518],[-16.3733053,28.411194]]]}},{"type":"Feature","id":"way/1423533585","properties":{"natural":"wood","id":"way/1423533585"},"geometry":{"type":"Polygon","coordinates":[[[-16.3714948,28.4108603],[-16.3712183,28.4107649],[-16.3708281,28.4105647],[-16.3707413,28.4106219],[-16.3708172,28.4108937],[-16.3710882,28.4110939],[-16.3714406,28.411399],[-16.3716628,28.4113704],[-16.3716683,28.4110939],[-16.3714948,28.4108603]]]}},{"type":"Feature","id":"way/1423533586","properties":{"natural":"wood","id":"way/1423533586"},"geometry":{"type":"Polygon","coordinates":[[[-16.3707359,28.411256],[-16.3707034,28.411051],[-16.3706492,28.41066],[-16.3704703,28.4107745],[-16.3703998,28.4110558],[-16.3703183,28.4108622],[-16.3702752,28.4106124],[-16.3701613,28.4104026],[-16.3698795,28.4103358],[-16.3697114,28.4105647],[-16.3696789,28.4108555],[-16.3696193,28.4110987],[-16.369668,28.4118091],[-16.3697819,28.411933],[-16.3700475,28.411523],[-16.3701938,28.4114849],[-16.3704757,28.4115659],[-16.3707793,28.411933],[-16.3708713,28.4122737],[-16.3710991,28.4122763],[-16.3711641,28.4121237],[-16.3709798,28.4118329],[-16.3710557,28.4115182],[-16.3708931,28.4114372],[-16.3707359,28.411256]]]}},{"type":"Feature","id":"way/1423533587","properties":{"natural":"wood","id":"way/1423533587"},"geometry":{"type":"Polygon","coordinates":[[[-16.3720423,28.4125719],[-16.3717875,28.4126386],[-16.3716357,28.4125433],[-16.3714081,28.4122334],[-16.3712834,28.4123287],[-16.3715165,28.4126672],[-16.3718742,28.4129581],[-16.3721073,28.4130725],[-16.3725247,28.4133061],[-16.3725085,28.4131965],[-16.3722699,28.4128818],[-16.3720423,28.4125719]]]}},{"type":"Feature","id":"way/1423533588","properties":{"natural":"wood","id":"way/1423533588"},"geometry":{"type":"Polygon","coordinates":[[[-16.3728554,28.4121476],[-16.3726873,28.4121857],[-16.3723567,28.4121094],[-16.3724813,28.4122382],[-16.3728283,28.4123812],[-16.3730234,28.4125099],[-16.3734245,28.4126672],[-16.3740696,28.4126863],[-16.3747146,28.4128818],[-16.3748285,28.4128246],[-16.3743677,28.4125957],[-16.3740045,28.4124575],[-16.3734733,28.4124432],[-16.3733432,28.412324],[-16.3728554,28.4121476]]]}},{"type":"Feature","id":"way/1423533589","properties":{"natural":"wood","id":"way/1423533589"},"geometry":{"type":"Polygon","coordinates":[[[-16.3732131,28.4129819],[-16.3730234,28.4130391],[-16.3728337,28.4129771],[-16.3728391,28.4131011],[-16.3731969,28.4132346],[-16.3735275,28.4135064],[-16.3737823,28.4135397],[-16.3735438,28.4132918],[-16.3732131,28.4129819]]]}},{"type":"Feature","id":"way/1423533590","properties":{"natural":"wood","id":"way/1423533590"},"geometry":{"type":"Polygon","coordinates":[[[-16.3717667,28.4131795],[-16.3716062,28.413221],[-16.371762,28.4134409],[-16.3722905,28.4136443],[-16.3726633,28.413773],[-16.3726208,28.4136609],[-16.3722527,28.413387],[-16.3717667,28.4131795]]]}},{"type":"Feature","id":"way/1423533591","properties":{"natural":"wood","id":"way/1423533591"},"geometry":{"type":"Polygon","coordinates":[[[-16.3751751,28.4117985],[-16.3748461,28.4117734],[-16.3746601,28.4119495],[-16.3748103,28.4120628],[-16.3751822,28.4121005],[-16.3755113,28.4122138],[-16.3753181,28.4119495],[-16.3751751,28.4117985]]]}},{"type":"Feature","id":"way/1423533592","properties":{"natural":"wood","id":"way/1423533592"},"geometry":{"type":"Polygon","coordinates":[[[-16.3767558,28.4126793],[-16.3763553,28.4126038],[-16.3763195,28.4128303],[-16.3765055,28.4128743],[-16.3766342,28.4127485],[-16.3767558,28.4126793]]]}},{"type":"Feature","id":"way/1429409525","properties":{"landuse":"forest","id":"way/1429409525"},"geometry":{"type":"Polygon","coordinates":[[[-16.3736394,28.4292922],[-16.3729605,28.4285341],[-16.3725288,28.4280598],[-16.3723104,28.427989],[-16.3722527,28.4283198],[-16.3720453,28.4284676],[-16.3722134,28.428628],[-16.3724208,28.4287192],[-16.3724673,28.4289582],[-16.3724137,28.4290966],[-16.3724351,28.4293891],[-16.372614,28.4295526],[-16.3730503,28.4296281],[-16.3732326,28.4294834],[-16.3735295,28.4293828],[-16.3736394,28.4292922]]]}},{"type":"Feature","id":"way/1488563405","properties":{"landuse":"forest","id":"way/1488563405"},"geometry":{"type":"Polygon","coordinates":[[[-16.3620901,28.428756],[-16.3618362,28.4285831],[-16.3613105,28.4285862],[-16.3606846,28.4284887],[-16.3599551,28.4284353],[-16.3598013,28.4285894],[-16.3598228,28.4287749],[-16.3606453,28.4288693],[-16.3610816,28.4288252],[-16.3612461,28.4290548],[-16.3618755,28.4292687],[-16.3624728,28.4291177],[-16.362598,28.4290265],[-16.3625443,28.428863],[-16.3620901,28.428756]]]}},{"type":"Feature","id":"way/1528098253","properties":{"natural":"wood","id":"way/1528098253"},"geometry":{"type":"Polygon","coordinates":[[[-16.3730375,28.4097739],[-16.3728153,28.4099265],[-16.3726201,28.4099694],[-16.3723057,28.4098121],[-16.3721052,28.4096833],[-16.3721052,28.4098597],[-16.3724304,28.4100552],[-16.3725984,28.4102555],[-16.3731134,28.41047],[-16.3733519,28.4103937],[-16.3734983,28.4100838],[-16.3733844,28.4098359],[-16.3730375,28.4097739]]]}},{"type":"Feature","id":"way/1528098255","properties":{"natural":"wood","id":"way/1528098255"},"geometry":{"type":"Polygon","coordinates":[[[-16.3734617,28.4128298],[-16.3732131,28.4129819],[-16.3735438,28.4132918],[-16.3740346,28.4134268],[-16.374595,28.4133611],[-16.3753671,28.4137882],[-16.3757905,28.413728],[-16.3761952,28.4135856],[-16.3760084,28.4134049],[-16.3751928,28.4129996],[-16.3748129,28.4129448],[-16.373991,28.4129558],[-16.3734617,28.4128298]]]}},{"type":"Feature","id":"way/1528098260","properties":{"natural":"wood","id":"way/1528098260"},"geometry":{"type":"Polygon","coordinates":[[[-16.3662853,28.4194715],[-16.3661887,28.4194966],[-16.3661601,28.4196036],[-16.3662245,28.4197137],[-16.3665213,28.4198646],[-16.3667716,28.4200502],[-16.3668789,28.4200125],[-16.3671471,28.4198646],[-16.3673367,28.4196979],[-16.3671293,28.4195658],[-16.3667681,28.4193865],[-16.3664891,28.4195218],[-16.3662853,28.4194715]]]}},{"type":"Feature","id":"way/1528098261","properties":{"natural":"wood","id":"way/1528098261"},"geometry":{"type":"Polygon","coordinates":[[[-16.3673724,28.4201854],[-16.3671793,28.420176],[-16.3671972,28.4202515],[-16.3673009,28.4204213],[-16.367537,28.4205534],[-16.3676585,28.4204402],[-16.3675906,28.4203364],[-16.3673724,28.4201854]]]}},{"type":"Feature","id":"way/1528098262","properties":{"natural":"wood","id":"way/1528098262"},"geometry":{"type":"Polygon","coordinates":[[[-16.3662245,28.4202546],[-16.3661672,28.4204119],[-16.3663425,28.420544],[-16.3664676,28.4204434],[-16.3665141,28.4203459],[-16.3662245,28.4202546]]]}},{"type":"Feature","id":"way/1528098263","properties":{"natural":"wood","id":"way/1528098263"},"geometry":{"type":"Polygon","coordinates":[[[-16.3636221,28.4214201],[-16.3636159,28.421086],[-16.3635131,28.4209245],[-16.3633824,28.4207383],[-16.3631208,28.4205439],[-16.3628624,28.420574],[-16.3628469,28.4207547],[-16.3630337,28.4208944],[-16.3630866,28.4211353],[-16.3633014,28.4212558],[-16.3636221,28.4214201]]]}},{"type":"Feature","id":"way/25455577","properties":{"highway":"track","source":"survey","tracktype":"grade4","id":"way/25455577"},"geometry":{"type":"LineString","coordinates":[[-16.3911411,28.4306812],[-16.3910403,28.430773],[-16.3909284,28.4308505],[-16.3907919,28.4310844],[-16.3907795,28.4311238],[-16.3907864,28.4312179],[-16.3908369,28.4312917],[-16.390923,28.4313467],[-16.3910356,28.4313514],[-16.3911,28.4313255],[-16.3911389,28.4312901],[-16.3911831,28.4312249],[-16.3911939,28.4311651],[-16.3911858,28.4310896],[-16.3911567,28.4309045],[-16.3911411,28.4306812],[-16.391375,28.4304448],[-16.3918505,28.4300833],[-16.3924699,28.4300709],[-16.3932032,28.4297503],[-16.3936839,28.4295918],[-16.393797,28.4296206]]}},{"type":"Feature","id":"way/25455590","properties":{"highway":"track","lit":"no","name":"Pista Las Presas.","source":"Aerial - Yahoo!","surface":"dirt","tracktype":"grade4","id":"way/25455590"},"geometry":{"type":"LineString","coordinates":[[-16.393479,28.4299915],[-16.3936531,28.4297912],[-16.393797,28.4296206],[-16.3940096,28.4294593],[-16.3942185,28.4290806],[-16.3951712,28.4287561],[-16.3951974,28.4286693],[-16.3952828,28.4283334],[-16.3958922,28.4273597],[-16.3959631,28.4271468],[-16.3960381,28.4269219],[-16.3964957,28.4263533],[-16.3967681,28.4257274],[-16.3972359,28.4254713],[-16.3975178,28.4252652],[-16.3976941,28.4251632],[-16.3979156,28.4250547],[-16.3980179,28.4248765],[-16.3984471,28.423999],[-16.3986781,28.4238748],[-16.3987787,28.4237454],[-16.3988247,28.4235501]]}},{"type":"Feature","id":"way/25455599","properties":{"highway":"track","tracktype":"grade2","id":"way/25455599"},"geometry":{"type":"LineString","coordinates":[[-16.3952371,28.4299296],[-16.3953713,28.4300378],[-16.3954363,28.4300268],[-16.3955367,28.4299735],[-16.3956116,28.4300014],[-16.3956808,28.4301791],[-16.3955794,28.4303579],[-16.3956611,28.4307224],[-16.3959437,28.4309374],[-16.3959321,28.4310783],[-16.3958174,28.4313096],[-16.3953865,28.4319475],[-16.3950387,28.4324508],[-16.3948991,28.4328946],[-16.3947642,28.4330893],[-16.3945189,28.4333225],[-16.3943343,28.4335694],[-16.3941825,28.4337199],[-16.393857,28.4342466],[-16.3928247,28.4357018]]}},{"type":"Feature","id":"way/27761686","properties":{"bicycle":"yes","highway":"track","horse":"yes","motor_vehicle":"yes","surface":"ground","tracktype":"grade3","width":"4","id":"way/27761686"},"geometry":{"type":"LineString","coordinates":[[-16.3799143,28.4234123],[-16.3802014,28.4233869],[-16.3806458,28.423332],[-16.3810916,28.423317],[-16.3814218,28.4231967],[-16.3819891,28.4229385],[-16.3824947,28.4232166],[-16.3827237,28.4232771],[-16.3827196,28.4231812],[-16.382538,28.4229715],[-16.3825856,28.42278],[-16.3828072,28.4226642],[-16.3829085,28.4226712],[-16.383093,28.422684],[-16.3833627,28.4227856],[-16.3836043,28.4232649],[-16.3837504,28.423259],[-16.3837536,28.4230909],[-16.383758,28.422997],[-16.3837423,28.4228622],[-16.3837295,28.4226123],[-16.3836748,28.4224885],[-16.3836171,28.4223581],[-16.3836508,28.4221322],[-16.3839326,28.4219231],[-16.3839348,28.4216155],[-16.3841758,28.4213612],[-16.3846029,28.4213019],[-16.3849407,28.4215257],[-16.3858739,28.4215956],[-16.385952,28.4216221],[-16.3862621,28.4217272],[-16.386866,28.4217791]]}},{"type":"Feature","id":"way/27761687","properties":{"bicycle":"yes","highway":"track","motor_vehicle":"yes","name":"Pista la Rápida","surface":"ground","tracktype":"grade3","width":"2","id":"way/27761687"},"geometry":{"type":"LineString","coordinates":[[-16.386866,28.4217791],[-16.3871305,28.4216955],[-16.3874393,28.4214958],[-16.3881058,28.4204171],[-16.3881513,28.4202881],[-16.3879919,28.4197797],[-16.3880375,28.4196128],[-16.388584,28.4194418],[-16.3893392,28.4194418],[-16.3899756,28.4194838],[-16.3903742,28.4195957],[-16.3906749,28.4197705],[-16.3909476,28.4197985]]}},{"type":"Feature","id":"way/27761688","properties":{"highway":"track","lit":"no","mtb:scale":"1","name":"Pista los Ovejeros","source":"survey","surface":"compacted","tracktype":"grade2","id":"way/27761688"},"geometry":{"type":"LineString","coordinates":[[-16.3853441,28.4262323],[-16.3853324,28.4261915],[-16.3853177,28.426041],[-16.385357,28.425922],[-16.3853998,28.425786],[-16.3855114,28.425703],[-16.3856761,28.4256798],[-16.3859663,28.425703],[-16.3861981,28.4256501],[-16.3865156,28.4254992],[-16.386713,28.4254765],[-16.3870917,28.4254701],[-16.3872522,28.4255916],[-16.387371,28.4256537],[-16.3874855,28.4256577],[-16.3875502,28.4256124],[-16.3875444,28.4255436],[-16.3875091,28.425425],[-16.3872362,28.4252075],[-16.3871013,28.4251623],[-16.3867192,28.4250127],[-16.386488,28.4249392],[-16.3862215,28.4249647],[-16.3860645,28.4249349],[-16.3856531,28.4246653],[-16.3856788,28.4245608],[-16.3857587,28.4245108],[-16.3859218,28.424366],[-16.386079,28.4241268],[-16.3859743,28.4236423],[-16.386152,28.423433],[-16.3864859,28.4235306],[-16.386713,28.423597],[-16.3869534,28.4234988],[-16.3870344,28.4229261],[-16.386866,28.4217791]]}},{"type":"Feature","id":"way/27761689","properties":{"highway":"track","name":"Pista Pino de la Catadura","surface":"ground","tracktype":"grade3","width":"2","id":"way/27761689"},"geometry":{"type":"LineString","coordinates":[[-16.3909476,28.4197985],[-16.3909414,28.4198925],[-16.3909126,28.4204488],[-16.3906469,28.4210502],[-16.3906819,28.4214768],[-16.3906042,28.421554],[-16.3905448,28.421613],[-16.3905001,28.4218055],[-16.3908287,28.4231201],[-16.390549,28.4235397],[-16.3904231,28.4240082],[-16.3898917,28.4245047],[-16.3897518,28.4246726],[-16.3897938,28.4247565],[-16.3900106,28.4248264],[-16.39257,28.4248544],[-16.3928491,28.4249562],[-16.393061,28.4251313],[-16.3931766,28.4252668],[-16.3932131,28.4253385],[-16.3932312,28.4253741],[-16.3932023,28.4254956],[-16.3929358,28.4255068],[-16.3927817,28.4257384],[-16.3926372,28.425761],[-16.3925023,28.4259107],[-16.3924894,28.4259784],[-16.3923289,28.4260632],[-16.3922069,28.4260688],[-16.3921073,28.4260999],[-16.3918567,28.4264138]]}},{"type":"Feature","id":"way/27761690","properties":{"bicycle":"designated","highway":"track","motor_vehicle":"yes","name":"Pista la Rápida","surface":"ground","tracktype":"grade3","id":"way/27761690"},"geometry":{"type":"LineString","coordinates":[[-16.3909476,28.4197985],[-16.3911436,28.4197404],[-16.3913119,28.4195553],[-16.3920253,28.4187711],[-16.3923759,28.418503],[-16.3927213,28.4184256],[-16.3928636,28.4182804],[-16.3929739,28.4181678],[-16.3931595,28.4177708],[-16.3933967,28.417544],[-16.3937164,28.4174563],[-16.3937679,28.4173842],[-16.393737,28.4171367],[-16.393804,28.4169459],[-16.3943815,28.4164458],[-16.3944536,28.4164046],[-16.3945104,28.416451],[-16.3944743,28.4168119],[-16.3945052,28.4169408],[-16.3945722,28.4169872],[-16.3947721,28.416998]]}},{"type":"Feature","id":"way/27761691","properties":{"highway":"track","lit":"no","id":"way/27761691"},"geometry":{"type":"LineString","coordinates":[[-16.3794056,28.4260474],[-16.3791668,28.4261907],[-16.3789962,28.4262316],[-16.3788188,28.4261975],[-16.3782882,28.4263646]]}},{"type":"Feature","id":"way/27799805","properties":{"check_date:surface":"2024-11-28","highway":"track","lit":"no","mtb:scale":"1","name":"Pista de Huelgues","source":"survey","surface":"dirt","tracktype":"grade4","id":"way/27799805"},"geometry":{"type":"LineString","coordinates":[[-16.3848167,28.4303414],[-16.3848854,28.4301242],[-16.3849683,28.4299903],[-16.3853242,28.4298486],[-16.3855906,28.42985],[-16.3859667,28.4297576],[-16.3861616,28.4297388],[-16.3864844,28.4296156],[-16.3866763,28.4295259],[-16.3867935,28.4294349],[-16.3869458,28.4293639],[-16.3871331,28.4293264],[-16.3872686,28.4292447],[-16.3873432,28.4291818],[-16.387462,28.4291604],[-16.3875792,28.4291898],[-16.3876812,28.4292715],[-16.3877421,28.4293773],[-16.3878396,28.4296438],[-16.3879173,28.4297429],[-16.3880665,28.4298446],[-16.3882446,28.4299175],[-16.3883999,28.4298701],[-16.3884319,28.4298071],[-16.3884197,28.4297388],[-16.3884935,28.4295914],[-16.3885807,28.4294891],[-16.3886851,28.4294229],[-16.3887659,28.4294437],[-16.3889726,28.4295441],[-16.3892525,28.4297628],[-16.389371,28.4297912],[-16.3894377,28.4297514],[-16.3895497,28.4294001],[-16.3896466,28.4292799],[-16.3897758,28.4292344],[-16.3898651,28.4292373],[-16.3902151,28.4294863],[-16.3903486,28.429545],[-16.3904433,28.4295611],[-16.3905499,28.4295431],[-16.3906845,28.4294238],[-16.3907846,28.4294191],[-16.3909009,28.4293926],[-16.3910796,28.429384],[-16.391183,28.4293547],[-16.3912874,28.4292676],[-16.3913348,28.4289797],[-16.3913144,28.428672],[-16.3913187,28.4285735],[-16.3912836,28.4284362],[-16.3913445,28.4283283],[-16.3914683,28.4282734],[-16.3916933,28.4282232],[-16.3918943,28.4282403],[-16.3920306,28.4282711],[-16.39223,28.4282872],[-16.392526,28.4283693],[-16.3928901,28.4283702],[-16.3931665,28.4283535],[-16.3933324,28.4283561],[-16.393453,28.4283789],[-16.3935601,28.4283508],[-16.3936575,28.4282664],[-16.3936514,28.4281178],[-16.393605,28.4280207],[-16.3935997,28.427925],[-16.3936225,28.4278299],[-16.3938164,28.4277124],[-16.3940586,28.4275978],[-16.3941135,28.4275343],[-16.3941835,28.4274898],[-16.3943322,28.4274423],[-16.3944607,28.4273526],[-16.3944685,28.4272642],[-16.394385,28.4271772],[-16.3942072,28.4270834],[-16.3940882,28.4270576],[-16.3937482,28.4269026],[-16.3933061,28.4266756],[-16.3930994,28.4265153],[-16.393082,28.4264119],[-16.393116,28.4263195],[-16.3932535,28.4262107],[-16.3934158,28.4261101],[-16.3935333,28.426102],[-16.3935951,28.4260666],[-16.3936987,28.4260693],[-16.3939785,28.4259565],[-16.3941207,28.4259497],[-16.3942598,28.4259633],[-16.3943513,28.4259419],[-16.3944005,28.4258695],[-16.3943895,28.425789],[-16.394181,28.425444],[-16.3939862,28.4250784],[-16.3939661,28.4249778],[-16.3939754,28.4248826],[-16.3940558,28.4248119],[-16.394096,28.4247304],[-16.3940646,28.4246327],[-16.3939043,28.4244028],[-16.3937482,28.4242356],[-16.3937331,28.4241207],[-16.3937473,28.4240303]]}},{"type":"Feature","id":"way/27953715","properties":{"highway":"track","tracktype":"grade4","id":"way/27953715"},"geometry":{"type":"LineString","coordinates":[[-16.3849683,28.4299903],[-16.3847564,28.4299644],[-16.3845753,28.4300055],[-16.3844957,28.4300923],[-16.3843338,28.4302058],[-16.3835627,28.4306256],[-16.3833267,28.4306787],[-16.3831977,28.4306522],[-16.3830495,28.4305822],[-16.3829096,28.4304784],[-16.3828163,28.4304905],[-16.382701,28.430575],[-16.3824897,28.4306715],[-16.3822976,28.4306377],[-16.3822043,28.4305412],[-16.3822071,28.4303819],[-16.3825007,28.4300875],[-16.3825583,28.4299403],[-16.3824897,28.4298293],[-16.3823168,28.4298003],[-16.3821138,28.4298727],[-16.3816006,28.4300923],[-16.3815073,28.4301068],[-16.381414,28.430061],[-16.3812253,28.4293065],[-16.3809076,28.4290064]]}},{"type":"Feature","id":"way/27953717","properties":{"highway":"steps","id":"way/27953717"},"geometry":{"type":"LineString","coordinates":[[-16.3911831,28.4312249],[-16.3911063,28.4312055]]}},{"type":"Feature","id":"way/27953719","properties":{"highway":"footway","id":"way/27953719"},"geometry":{"type":"LineString","coordinates":[[-16.3909459,28.4311642],[-16.3908662,28.4311441]]}},{"type":"Feature","id":"way/27953720","properties":{"highway":"footway","id":"way/27953720"},"geometry":{"type":"LineString","coordinates":[[-16.390992,28.4311336],[-16.3910176,28.4310568]]}},{"type":"Feature","id":"way/27953721","properties":{"highway":"footway","id":"way/27953721"},"geometry":{"type":"LineString","coordinates":[[-16.3909696,28.4312008],[-16.3909424,28.431282]]}},{"type":"Feature","id":"way/27953722","properties":{"highway":"steps","id":"way/27953722"},"geometry":{"type":"LineString","coordinates":[[-16.3909424,28.431282],[-16.390923,28.4313467]]}},{"type":"Feature","id":"way/27953723","properties":{"highway":"steps","id":"way/27953723"},"geometry":{"type":"LineString","coordinates":[[-16.3908662,28.4311441],[-16.3907795,28.4311238]]}},{"type":"Feature","id":"way/27953724","properties":{"highway":"footway","id":"way/27953724"},"geometry":{"type":"LineString","coordinates":[[-16.3911063,28.4312055],[-16.3910212,28.4311851]]}},{"type":"Feature","id":"way/27953725","properties":{"highway":"footway","id":"way/27953725"},"geometry":{"type":"LineString","coordinates":[[-16.3910212,28.4311851],[-16.391005,28.4311995],[-16.3909883,28.4312037],[-16.3909696,28.4312008],[-16.3909548,28.431191],[-16.3909459,28.4311642],[-16.3909562,28.4311446],[-16.390971,28.4311356],[-16.390992,28.4311336],[-16.3910168,28.4311461],[-16.3910258,28.4311663],[-16.3910212,28.4311851]]}},{"type":"Feature","id":"way/27953728","properties":{"highway":"track","note":"overgrow","tracktype":"grade4","id":"way/27953728"},"geometry":{"type":"LineString","coordinates":[[-16.3942185,28.4290806],[-16.3944057,28.4288794],[-16.3945277,28.4288108],[-16.3945734,28.4287421],[-16.394501,28.4286888],[-16.394379,28.4284676],[-16.3943561,28.428277],[-16.3943981,28.4281245],[-16.3948594,28.4277509],[-16.3951186,28.4276022],[-16.3952162,28.42755],[-16.3952225,28.4274965],[-16.3952141,28.4274596],[-16.3951616,28.4274115],[-16.3951217,28.4273543],[-16.3951091,28.4272823],[-16.3951154,28.4272214],[-16.395107,28.4271733],[-16.3950538,28.4271256],[-16.3941348,28.4266655],[-16.3940193,28.4265806],[-16.3939901,28.4265118],[-16.394013,28.4264279],[-16.3941453,28.4263664],[-16.3952673,28.426222],[-16.3954046,28.4261534],[-16.3954694,28.426081],[-16.3954465,28.4260085],[-16.3953588,28.4259513],[-16.3950424,28.425917],[-16.3948251,28.4257683]]}},{"type":"Feature","id":"way/50963619","properties":{"highway":"unclassified","name":"Calle Juan Antonio Díaz","source":"Yahoo","surface":"asphalt","id":"way/50963619"},"geometry":{"type":"LineString","coordinates":[[-16.3741869,28.4318781],[-16.373504,28.4316686],[-16.3733578,28.4316256],[-16.3732482,28.4316051],[-16.3731319,28.4315961],[-16.3729481,28.4315578],[-16.3728194,28.4315294],[-16.3726761,28.4314871],[-16.3723111,28.431365],[-16.3717097,28.4310473],[-16.371603,28.4310306],[-16.3715427,28.4310341],[-16.3714609,28.431066],[-16.3713656,28.4310907],[-16.3712668,28.4310977],[-16.3707303,28.4309462],[-16.3706039,28.4309197],[-16.370506,28.4309174],[-16.3701201,28.4308784],[-16.370044,28.4308767],[-16.3698219,28.4308758],[-16.3693982,28.4308891],[-16.3690315,28.4308536],[-16.3689637,28.4308501],[-16.3686559,28.4308678],[-16.3684595,28.4308761],[-16.3683341,28.4308714],[-16.3681027,28.4308867],[-16.3680236,28.4308861],[-16.3678734,28.4308784],[-16.3678318,28.4308779],[-16.3677869,28.4308838],[-16.3677467,28.4308896],[-16.3677031,28.4309056],[-16.367614,28.4309476],[-16.3675341,28.4309834],[-16.3674458,28.4310368],[-16.3673651,28.4311273],[-16.3672619,28.4312894]]}},{"type":"Feature","id":"way/51954926","properties":{"highway":"residential","lit":"yes","maxspeed":"20","name":"Camino José Díaz y Díaz","source":"Yahoo","surface":"asphalt","id":"way/51954926"},"geometry":{"type":"LineString","coordinates":[[-16.3689099,28.4211316],[-16.3687886,28.42109],[-16.3686926,28.4210404],[-16.3685918,28.4210122],[-16.3685185,28.4210127],[-16.3684676,28.4210495],[-16.3683075,28.4211394],[-16.3679021,28.4212586],[-16.3676768,28.4213218],[-16.3674597,28.4213202],[-16.367195,28.4212783],[-16.3669636,28.4211923],[-16.3667748,28.4211773],[-16.3666482,28.4211517],[-16.3665116,28.4211373],[-16.3663016,28.4211885],[-16.3659047,28.4212468],[-16.3654945,28.4212531],[-16.3653156,28.4212237],[-16.3651034,28.4212085],[-16.3649945,28.4211785],[-16.3647465,28.4210382],[-16.3645896,28.4209748],[-16.3644366,28.4209359],[-16.3641873,28.420769],[-16.3640228,28.4206866],[-16.3638949,28.4206006],[-16.3633921,28.420325],[-16.3632839,28.4202599],[-16.3632041,28.4202341]]}},{"type":"Feature","id":"way/51954932","properties":{"highway":"residential","name":"Camino Marabedí","source":"GPS","id":"way/51954932"},"geometry":{"type":"LineString","coordinates":[[-16.3634826,28.415634],[-16.3635395,28.4157934],[-16.3636765,28.4159296],[-16.3638322,28.4160468],[-16.3639583,28.416192],[-16.3640481,28.4162098],[-16.3640949,28.4162254],[-16.3643017,28.4164011],[-16.3645043,28.4166675],[-16.3649766,28.4171396],[-16.365318,28.4174809],[-16.3654498,28.4176997]]}},{"type":"Feature","id":"way/51954972","properties":{"highway":"track","name":"Camino Marabedí","sac_scale":"hiking","source":"GPS","width":"2","id":"way/51954972"},"geometry":{"type":"LineString","coordinates":[[-16.3654498,28.4176997],[-16.36566,28.41805],[-16.36592,28.41835],[-16.366068,28.4184218],[-16.3662761,28.4184608],[-16.36641,28.41856],[-16.366708,28.4188849],[-16.3667315,28.4189105],[-16.367136,28.4190126],[-16.3672723,28.418956],[-16.3673899,28.4189797],[-16.3675,28.41908],[-16.3677647,28.4192772],[-16.3680078,28.4195514],[-16.3680169,28.4196175],[-16.3680774,28.419699]]}},{"type":"Feature","id":"way/51954992","properties":{"access":"yes","highway":"service","lit":"no","source":"GRAFCAN OrtoExpress Urbana 2009","surface":"asphalt","id":"way/51954992"},"geometry":{"type":"LineString","coordinates":[[-16.3725288,28.4280598],[-16.3725681,28.4279635],[-16.3725895,28.4275858],[-16.3726068,28.4272809],[-16.372677,28.4271712],[-16.3730676,28.4267363],[-16.3730934,28.4266723],[-16.3730773,28.4266157],[-16.3730319,28.4265509],[-16.3728935,28.4263633],[-16.3729033,28.4262451],[-16.3730214,28.4260373],[-16.3730206,28.4259747],[-16.3729755,28.4258988],[-16.3726638,28.4257286],[-16.3725293,28.4256017],[-16.3722205,28.4250353],[-16.3721116,28.42472],[-16.3721102,28.4244739],[-16.3722187,28.4242452],[-16.3723847,28.4242084],[-16.3727784,28.4243182],[-16.3729602,28.4243862],[-16.3731413,28.4243794],[-16.3732697,28.4242612],[-16.3732503,28.4241544],[-16.3732503,28.4239959],[-16.3731218,28.4237169],[-16.3729622,28.4235132],[-16.3729418,28.4234591],[-16.3729427,28.4233232],[-16.3732719,28.4229218],[-16.3734566,28.42282],[-16.3737038,28.4228234],[-16.3739081,28.4228765],[-16.3740171,28.4228525],[-16.3743869,28.4226009],[-16.3745037,28.4224691],[-16.3746555,28.4220788],[-16.3748151,28.4219829],[-16.37529,28.4220463],[-16.375399,28.422024],[-16.3754913,28.4219369],[-16.3755762,28.4218408],[-16.3756015,28.4216988],[-16.3754711,28.421365],[-16.3754594,28.4212366],[-16.3756618,28.421026],[-16.3758058,28.4209507],[-16.3759327,28.4209591],[-16.3759781,28.4209516]]}},{"type":"Feature","id":"way/51955269","properties":{"bicycle":"designated","highway":"track","source":"GPS","surface":"dirt","tracktype":"grade3","id":"way/51955269"},"geometry":{"type":"LineString","coordinates":[[-16.3716855,28.4260524],[-16.371788,28.4260004]]}},{"type":"Feature","id":"way/51955306","properties":{"highway":"track","source":"GPS","tracktype":"grade2","id":"way/51955306"},"geometry":{"type":"LineString","coordinates":[[-16.3690211,28.4206932],[-16.3691237,28.4206675],[-16.369386,28.4206016],[-16.36968,28.4205929]]}},{"type":"Feature","id":"way/52069244","properties":{"highway":"track","motor_vehicle":"yes","mtb:scale":"1","name":"Pista el Fayal","source":"PNOA","source:date":"2005","surface":"dirt","tracktype":"grade2","id":"way/52069244"},"geometry":{"type":"LineString","coordinates":[[-16.3865019,28.4130888],[-16.3863983,28.412968],[-16.386401,28.4126681],[-16.3865458,28.4122104],[-16.3871185,28.4117522],[-16.3871519,28.4116967],[-16.3871763,28.4116054],[-16.3871386,28.4115413],[-16.3870573,28.411515],[-16.3869624,28.4114807],[-16.3868886,28.4114312],[-16.386852,28.4113737],[-16.386615,28.4111941],[-16.3865778,28.4110731],[-16.3865487,28.4107678],[-16.3865575,28.4106717],[-16.386625,28.4105915],[-16.3867525,28.4104293],[-16.386835,28.4102845],[-16.3868711,28.4101495],[-16.3870361,28.4098356],[-16.3870713,28.4097877],[-16.3870705,28.4097319],[-16.3870553,28.4096684],[-16.3870067,28.4096055],[-16.3865713,28.4094969],[-16.3863889,28.4092798],[-16.3863631,28.4091383],[-16.386507,28.4088268],[-16.3865177,28.408355],[-16.3864884,28.4081398],[-16.3864431,28.4081107],[-16.3863961,28.4081038],[-16.3863491,28.4081378],[-16.3863181,28.4082985],[-16.3862984,28.4084045],[-16.3862492,28.4085169],[-16.3862478,28.4086204],[-16.3862582,28.4087616],[-16.3862173,28.408808],[-16.3859785,28.4088686],[-16.3858322,28.408944],[-16.3857596,28.4090164],[-16.3857289,28.409112],[-16.3857271,28.4092914],[-16.3857476,28.4094091],[-16.3857827,28.4095071],[-16.3858332,28.4095628],[-16.3858859,28.4095969],[-16.3859444,28.4096146],[-16.3860084,28.4096375],[-16.3860825,28.409661],[-16.3861363,28.4096912],[-16.3861811,28.4097304],[-16.3861906,28.4097846],[-16.3861561,28.4098383],[-16.3860993,28.4099498],[-16.3860439,28.4100382],[-16.3860269,28.4100653],[-16.3859835,28.4101215],[-16.3859366,28.4101525],[-16.3856246,28.4102716],[-16.3854363,28.4103598],[-16.3853939,28.4104337],[-16.385398,28.4104982],[-16.3853632,28.4105424],[-16.3852203,28.4105201],[-16.38516,28.41043],[-16.3851727,28.4103164],[-16.38527,28.41022],[-16.38555,28.41013],[-16.3857,28.40996],[-16.3857121,28.4099216],[-16.3856967,28.409849],[-16.38564,28.40979],[-16.3855367,28.4097415],[-16.3854425,28.4096869],[-16.385375,28.4096074],[-16.3851245,28.4093479],[-16.3849675,28.4092323],[-16.384884,28.4091751],[-16.3846802,28.4090638],[-16.3845773,28.4089872],[-16.3844907,28.4088695],[-16.384519,28.4087155]]}},{"type":"Feature","id":"way/55407811","properties":{"highway":"track","name":"Pista las Leñas","source":"GPS","surface":"dirt","vehicle":"yes","id":"way/55407811"},"geometry":{"type":"LineString","coordinates":[[-16.378336,28.4198363],[-16.3784645,28.4197975],[-16.3785783,28.4197824],[-16.3788251,28.4198485],[-16.3790969,28.4198952],[-16.3793186,28.41999],[-16.3794324,28.4202348],[-16.3795916,28.4203981],[-16.3796523,28.4203657],[-16.3797225,28.4202851],[-16.37978,28.4200844],[-16.3797049,28.4196692],[-16.3795225,28.4192634],[-16.379534,28.419046],[-16.379599,28.418947],[-16.3797561,28.4188842],[-16.3799315,28.4188428],[-16.379959,28.4187736],[-16.379914,28.418714],[-16.3798827,28.4186368],[-16.3799012,28.4185725],[-16.380001,28.418506],[-16.38027,28.418191],[-16.380416,28.417632],[-16.3805524,28.4174047],[-16.3806326,28.417271],[-16.3805853,28.4170607],[-16.3806147,28.4169007],[-16.3807043,28.4168007],[-16.3807688,28.4167869],[-16.380829,28.4168273],[-16.380881,28.417097],[-16.3810406,28.4172908],[-16.38118,28.417449],[-16.381356,28.417957],[-16.3814278,28.4179677],[-16.381486,28.417919],[-16.381466,28.417837],[-16.3817831,28.417365]]}},{"type":"Feature","id":"way/55407819","properties":{"fixme":"refine","highway":"track","source":"interpolation","surface":"dirt","tracktype":"grade4","id":"way/55407819"},"geometry":{"type":"LineString","coordinates":[[-16.383092,28.417404],[-16.382772,28.417175],[-16.3825989,28.4170478],[-16.3822823,28.417115],[-16.3821076,28.4172686],[-16.3820494,28.4174831],[-16.3818966,28.4176239],[-16.3817831,28.417365]]}},{"type":"Feature","id":"way/55407987","properties":{"bicycle":"no","foot":"designated","highway":"path","horse":"no","motorcycle":"no","sac_scale":"hiking","source":"GPS","surface":"dirt","tracktype":"grade5","trail_visibility":"good","id":"way/55407987"},"geometry":{"type":"LineString","coordinates":[[-16.3865019,28.4130888],[-16.386401,28.413096],[-16.3861914,28.4129815],[-16.3859694,28.4128646],[-16.3848107,28.4129212],[-16.3844521,28.4129641],[-16.3842319,28.4129947]]}},{"type":"Feature","id":"way/55407988","properties":{"foot":"yes","highway":"track","source":"GRAFCAN OrtoExpress Urbana 2009","surface":"concrete","tracktype":"grade1","id":"way/55407988"},"geometry":{"type":"LineString","coordinates":[[-16.3842319,28.4129947],[-16.3839188,28.4129508],[-16.3836205,28.4129948],[-16.3833905,28.4129751],[-16.382995,28.4127481],[-16.3822011,28.4122004],[-16.3819206,28.4120351],[-16.3817972,28.4119167],[-16.3812839,28.4114973],[-16.3808828,28.4112777],[-16.3806836,28.4110877],[-16.38042,28.4109471]]}},{"type":"Feature","id":"way/55408071","properties":{"bicycle":"no","foot":"designated","highway":"path","horse":"no","motorcycle":"no","name":"Camino Paso del Muerto","sac_scale":"hiking","source":"GPS","trail_visibility":"good","width":"1","id":"way/55408071"},"geometry":{"type":"LineString","coordinates":[[-16.3842319,28.4129947],[-16.384064,28.41305],[-16.38402,28.413106],[-16.384077,28.413222],[-16.384982,28.413614],[-16.385308,28.413657],[-16.3853864,28.4137827],[-16.385405,28.413878],[-16.3851722,28.4140343],[-16.3853618,28.4141706],[-16.3853551,28.4142351],[-16.3853018,28.4143036],[-16.3851372,28.4143584],[-16.384951,28.414397],[-16.38466,28.414794],[-16.384614,28.414948],[-16.384474,28.415036],[-16.384218,28.414972],[-16.384086,28.415025],[-16.383825,28.41541],[-16.383778,28.415698],[-16.3832559,28.4159281]]}},{"type":"Feature","id":"way/55408201","properties":{"highway":"track","source":"GPS","id":"way/55408201"},"geometry":{"type":"LineString","coordinates":[[-16.3879662,28.4165918],[-16.3874833,28.4165364],[-16.3869978,28.4163297],[-16.3868559,28.4159718],[-16.3867016,28.4158237],[-16.3864054,28.4157496]]}},{"type":"Feature","id":"way/55408207","properties":{"highway":"path","source":"GPS","id":"way/55408207"},"geometry":{"type":"LineString","coordinates":[[-16.384614,28.414948],[-16.3848845,28.4157383],[-16.3850842,28.4162034],[-16.3851706,28.4164503],[-16.3850533,28.4166447],[-16.3850441,28.4167619],[-16.3853002,28.416873],[-16.385436,28.4169224],[-16.3854483,28.4172186],[-16.385547,28.4176475],[-16.3856797,28.4180271],[-16.3857414,28.4182122],[-16.3857868,28.4183552],[-16.385852,28.4186]]}},{"type":"Feature","id":"way/55408258","properties":{"highway":"track","source":"GPS","surface":"ground","tracktype":"grade3","id":"way/55408258"},"geometry":{"type":"LineString","coordinates":[[-16.3850441,28.4167619],[-16.3849459,28.4166581],[-16.3847021,28.4165594],[-16.3842793,28.4162354],[-16.3837511,28.4159412],[-16.3832559,28.4159281]]}},{"type":"Feature","id":"way/72666852","properties":{"highway":"unclassified","name":"Camino los Panascos Bajos","source":"GRAFCAN OrtoExpress Urbana 2009","id":"way/72666852"},"geometry":{"type":"LineString","coordinates":[[-16.3672619,28.4312894],[-16.3669172,28.4311756],[-16.3668206,28.4311344],[-16.3667286,28.431082],[-16.3666677,28.4310459],[-16.3666222,28.4309874],[-16.3666047,28.4309362],[-16.3666074,28.4308914],[-16.3666289,28.4308478],[-16.3666879,28.4307853],[-16.3667165,28.4307357],[-16.3667402,28.4306827],[-16.3667678,28.4305719],[-16.3667927,28.4304118],[-16.3668434,28.4302908],[-16.3668398,28.4302322],[-16.3668008,28.4301995],[-16.3666514,28.4301693],[-16.3665312,28.4300907],[-16.3664271,28.4299497],[-16.3663502,28.4298213],[-16.3662633,28.4295944],[-16.3661804,28.429378],[-16.3661569,28.4292124],[-16.3661734,28.4290252],[-16.3662441,28.4288383],[-16.3663238,28.4287513],[-16.3664959,28.4286468],[-16.3667236,28.4285542],[-16.3668299,28.4285019],[-16.3668318,28.4284177],[-16.3668012,28.4283066],[-16.3668011,28.4281839],[-16.3668147,28.4280504],[-16.3668418,28.4279554],[-16.3669346,28.4279004],[-16.3670563,28.4278576],[-16.3670736,28.4278174],[-16.3670916,28.4277754],[-16.3670863,28.4275653],[-16.3670958,28.4274526],[-16.3671858,28.4273472],[-16.3672842,28.4272571],[-16.3673239,28.4271797],[-16.3672945,28.4271172],[-16.3672158,28.4270834],[-16.3670954,28.4270515],[-16.3670197,28.4269642],[-16.3669031,28.4267825],[-16.3668426,28.4266731],[-16.3668304,28.4266062],[-16.366836,28.426561],[-16.3668653,28.4263225],[-16.3669735,28.4262042],[-16.3670601,28.4261447],[-16.3670768,28.4261106],[-16.3670612,28.4260695],[-16.3670528,28.4260475],[-16.3666288,28.4258261],[-16.3665261,28.4257312],[-16.3664022,28.4255842]]}},{"type":"Feature","id":"way/72666964","properties":{"highway":"residential","maxspeed":"30","maxweight":"3.5","name":"Camino las Panasqueras","source":"Yahoo","id":"way/72666964"},"geometry":{"type":"LineString","coordinates":[[-16.3640504,28.4241739],[-16.3640432,28.4242715],[-16.3640633,28.4243682],[-16.3641138,28.424467],[-16.3641424,28.424505],[-16.3641968,28.4245432],[-16.3643791,28.4246114],[-16.3643971,28.4246495],[-16.3643899,28.4246876],[-16.3642979,28.4247844],[-16.3642022,28.4250654],[-16.3641643,28.4250844],[-16.3639477,28.4251178],[-16.3638972,28.4251574],[-16.3638144,28.4253202]]}},{"type":"Feature","id":"way/72667245","properties":{"highway":"residential","name":"Camino El Pinar","source":"Yahoo","id":"way/72667245"},"geometry":{"type":"LineString","coordinates":[[-16.3659777,28.4242575],[-16.3661644,28.424202],[-16.3662263,28.4241723],[-16.3662185,28.4241086],[-16.3661318,28.4239521],[-16.3661044,28.4237999],[-16.366114,28.4236471],[-16.3661446,28.423532],[-16.3662457,28.4234009],[-16.3663253,28.423265],[-16.3664299,28.4230662],[-16.3665446,28.4228454],[-16.3666455,28.4226283],[-16.3667205,28.4225827]]}},{"type":"Feature","id":"way/85137091","properties":{"cycleway:both":"no","highway":"primary","lanes":"2","lit":"no","name":"Carretera de La Esperanza","old_ref":"C-824","oneway":"no","ref":"TF-24","source":"PNOA","source:date":"20101113","surface":"asphalt","wikidata":"Q6137517","wikipedia":"es:TF-24","id":"way/85137091"},"geometry":{"type":"LineString","coordinates":[[-16.3857491,28.4267165],[-16.3858226,28.4266508],[-16.3858654,28.42658],[-16.3858898,28.4264807],[-16.385874,28.4264026],[-16.3858319,28.4263269],[-16.3857786,28.4262727],[-16.3857038,28.4262286],[-16.3856146,28.4262032],[-16.3855242,28.4261973],[-16.3854262,28.4262067],[-16.3853441,28.4262323],[-16.3851874,28.4262943]]}},{"type":"Feature","id":"way/85137092","properties":{"cycleway:both":"no","highway":"primary","lanes":"2","lit":"no","name":"Carretera de La Esperanza","old_ref":"C-824","oneway":"no","ref":"TF-24","source":"Yahoo Imagery + GPS track","surface":"asphalt","wikidata":"Q6137517","wikipedia":"es:TF-24","id":"way/85137092"},"geometry":{"type":"LineString","coordinates":[[-16.3835508,28.4272636],[-16.3838053,28.427092],[-16.3839663,28.4270018],[-16.3842346,28.4268941],[-16.3846569,28.4267541],[-16.3848234,28.4267137],[-16.3849441,28.4267032],[-16.3850921,28.4267095],[-16.3854425,28.4267534],[-16.3855807,28.426767],[-16.3856611,28.4267491],[-16.3857491,28.4267165]]}},{"type":"Feature","id":"way/85137093","properties":{"cycleway:both":"no","highway":"primary","lanes":"2","lit":"no","name":"Carretera de La Esperanza","old_ref":"C-824","oneway":"no","ref":"TF-24","source":"PNOA","source:date":"20101113","surface":"asphalt","wikidata":"Q6137517","wikipedia":"es:TF-24","id":"way/85137093"},"geometry":{"type":"LineString","coordinates":[[-16.3952371,28.4299296],[-16.394796,28.4302509],[-16.3946405,28.430351],[-16.3945286,28.4303827],[-16.3943957,28.4303934],[-16.3942879,28.4303807],[-16.3941582,28.4303424],[-16.3937047,28.4300883],[-16.393584,28.4300307],[-16.393479,28.4299915],[-16.3933167,28.4299767],[-16.3931975,28.4300078],[-16.3929938,28.4300954],[-16.3920722,28.4305095],[-16.3919153,28.4305841],[-16.3917976,28.4306869],[-16.391707,28.4308518],[-16.3916685,28.4309554],[-16.39153,28.4315706],[-16.3914458,28.4317634],[-16.3913022,28.4319461],[-16.3911467,28.432093],[-16.3909633,28.4322482],[-16.3908346,28.4323457],[-16.3907584,28.4323858],[-16.3906574,28.4324136],[-16.3905604,28.4324119],[-16.3904627,28.4323946],[-16.3903832,28.4323579],[-16.3903143,28.4323025],[-16.3902654,28.4322552],[-16.3902416,28.4321979],[-16.390204,28.4320668],[-16.3901729,28.4318448],[-16.3901514,28.4317438],[-16.3900849,28.4316193],[-16.3899916,28.4314662],[-16.3897552,28.4312406],[-16.3895085,28.4310382],[-16.3893947,28.4309782],[-16.3892492,28.4309626],[-16.3890708,28.4309802],[-16.3883026,28.4312294],[-16.3881393,28.4312453],[-16.3880272,28.4312208],[-16.3879588,28.4311892],[-16.3877877,28.4310666],[-16.3875065,28.4304922],[-16.3874173,28.4303439],[-16.3873278,28.4302378]]}},{"type":"Feature","id":"way/85137095","properties":{"cycleway:both":"no","highway":"primary","lanes":"2","lit":"no","name":"Carretera de La Esperanza","old_ref":"C-824","oneway":"no","ref":"TF-24","source":"Yahoo Imagery + GPS track","surface":"asphalt","wikidata":"Q6137517","wikipedia":"es:TF-24","id":"way/85137095"},"geometry":{"type":"LineString","coordinates":[[-16.3851874,28.4262943],[-16.3849893,28.4263513],[-16.3847833,28.4263739],[-16.3845305,28.4263345],[-16.3825329,28.4259923],[-16.3823446,28.4259792],[-16.3817503,28.425967],[-16.3813914,28.4259753],[-16.3812355,28.4260226],[-16.3808719,28.4261925],[-16.3807533,28.426211],[-16.3806221,28.4262052],[-16.3804682,28.4261454],[-16.3801371,28.4259956],[-16.3800223,28.4259771],[-16.3799036,28.4259805],[-16.3794056,28.4260474],[-16.3791023,28.4260703],[-16.3790444,28.4260747],[-16.3783037,28.4261016]]}},{"type":"Feature","id":"way/85137097","properties":{"highway":"primary","lanes":"1","lit":"no","name":"Carretera de La Esperanza","old_ref":"C-824","oneway":"yes","ref":"TF-24","source":"GRAFCAN OrtoExpress Urbana 2011","surface":"asphalt","wikidata":"Q6137517","wikipedia":"es:TF-24","id":"way/85137097"},"geometry":{"type":"LineString","coordinates":[[-16.3777051,28.4264404],[-16.3778268,28.4263133],[-16.3778888,28.4262615],[-16.377981,28.4262048],[-16.3780567,28.4261758],[-16.3781434,28.4261425],[-16.3783037,28.4261016]]}},{"type":"Feature","id":"way/85137098","properties":{"cycleway:both":"no","highway":"primary","lanes":"2","lit":"no","name":"Carretera de La Esperanza","old_ref":"C-824","oneway":"no","ref":"TF-24","source":"PNOA","source:date":"20101113","surface":"asphalt","wikidata":"Q6137517","wikipedia":"es:TF-24","id":"way/85137098"},"geometry":{"type":"LineString","coordinates":[[-16.3835719,28.430928],[-16.3830346,28.4310328],[-16.3829057,28.4310569],[-16.3824092,28.4313171],[-16.3822336,28.4313608],[-16.3817857,28.4313563],[-16.3816257,28.4313443],[-16.3815164,28.4313244],[-16.3813776,28.4312761],[-16.3805096,28.4308776],[-16.3804187,28.4307951],[-16.3803816,28.4306856],[-16.3803853,28.4305689],[-16.3805566,28.4300129],[-16.3805442,28.4298514],[-16.3805128,28.4297768],[-16.3804643,28.4297115],[-16.3797488,28.4291488],[-16.3796974,28.4290682],[-16.3796622,28.4289725],[-16.3796621,28.4288708],[-16.3796835,28.4287587],[-16.3797039,28.4286584],[-16.3797325,28.4285871],[-16.3797707,28.4285223],[-16.3798398,28.4284444],[-16.3799082,28.4283831],[-16.3799894,28.4283107],[-16.3803506,28.4280189],[-16.3804851,28.4279267],[-16.380625,28.427858],[-16.3815151,28.4275055],[-16.3816826,28.4274514],[-16.3818398,28.4274268],[-16.3820597,28.4274081],[-16.383141,28.4273717],[-16.3833039,28.4273498],[-16.3834455,28.4273137],[-16.3835508,28.4272636]]}},{"type":"Feature","id":"way/85137101","properties":{"cycleway:both":"no","highway":"primary","lanes":"2","lit":"no","name":"Carretera de La Esperanza","old_ref":"C-824","oneway":"no","ref":"TF-24","source":"Yahoo Imagery + GPS track","surface":"asphalt","wikidata":"Q6137517","wikipedia":"es:TF-24","id":"way/85137101"},"geometry":{"type":"LineString","coordinates":[[-16.3873278,28.4302378],[-16.3872205,28.4301697],[-16.3871191,28.430134],[-16.3866113,28.4300745],[-16.3857815,28.4300015],[-16.3856226,28.4299989],[-16.3855008,28.4300148],[-16.3853675,28.4300627],[-16.3850071,28.4302445],[-16.3848167,28.4303414],[-16.3844667,28.4305253],[-16.38409,28.4307124],[-16.3838058,28.4308552],[-16.3836828,28.4309019],[-16.3835719,28.430928]]}},{"type":"Feature","id":"way/98518186","properties":{"bicycle":"yes","foot":"yes","highway":"track","mtb:scale":"1","name":"Pista Huelgues","source":"GPS","tracktype":"grade2","id":"way/98518186"},"geometry":{"type":"LineString","coordinates":[[-16.3937473,28.4240303],[-16.393677,28.4238707],[-16.3936353,28.4237054],[-16.3935701,28.4233125],[-16.3936531,28.4228242],[-16.3935832,28.4227127],[-16.393605,28.4225493],[-16.3937679,28.4222841],[-16.3939005,28.4218761],[-16.3939657,28.4215976],[-16.3938848,28.4213323],[-16.393952,28.4211824],[-16.393946,28.4211189],[-16.3937395,28.4205159],[-16.3937034,28.4203672],[-16.3937296,28.4202384],[-16.3938936,28.4201058],[-16.3940094,28.4198539],[-16.3941428,28.4197386],[-16.3944641,28.4196617],[-16.394757,28.4197155],[-16.3949319,28.4196348],[-16.394921,28.4194983],[-16.394851,28.4193329],[-16.394658,28.4192362],[-16.3941778,28.418908],[-16.3940641,28.4187735],[-16.3940291,28.4185697],[-16.3941056,28.4183486],[-16.3942652,28.418216],[-16.3943701,28.4181045],[-16.3945428,28.4179872],[-16.3947067,28.4178507],[-16.3947439,28.4177565],[-16.3946652,28.4176257],[-16.3947089,28.4175161],[-16.3949887,28.4173431],[-16.3950084,28.4172604],[-16.3949516,28.417197],[-16.3948335,28.4171182],[-16.3947721,28.416998]]}},{"type":"Feature","id":"way/99210300","properties":{"highway":"path","source":"GPS","surface":"dirt","trail_visibility":"good","width":"1","id":"way/99210300"},"geometry":{"type":"LineString","coordinates":[[-16.3760458,28.4177911],[-16.3761523,28.4178264],[-16.3763806,28.4176379],[-16.3766088,28.4176782],[-16.3771248,28.4180279],[-16.3772428,28.4182261],[-16.3773823,28.4183393],[-16.377747,28.4182261],[-16.3781547,28.4182072],[-16.3783478,28.4183393],[-16.3786912,28.4184997],[-16.3790238,28.4187639],[-16.3793993,28.4190187],[-16.379534,28.419046]]}},{"type":"Feature","id":"way/99210304","properties":{"highway":"path","name":"Camino Marabedí","sac_scale":"hiking","source":"GPS","width":"2","id":"way/99210304"},"geometry":{"type":"LineString","coordinates":[[-16.3690211,28.4206932],[-16.3691591,28.4207868],[-16.36967,28.4211457]]}},{"type":"Feature","id":"way/99210306","properties":{"highway":"path","source":"GPS","trail_visibility":"good","width":"1","id":"way/99210306"},"geometry":{"type":"LineString","coordinates":[[-16.3699123,28.4206079],[-16.3701568,28.4203139],[-16.3701223,28.4202348],[-16.3700371,28.4200326],[-16.3700648,28.4199036],[-16.3701976,28.4199036],[-16.3703344,28.419975],[-16.3704781,28.4199096],[-16.3704943,28.4195848],[-16.3706338,28.4193112],[-16.3706989,28.4191982],[-16.3708269,28.4186129],[-16.3710057,28.4183692],[-16.3711164,28.4183334],[-16.3711585,28.4182767],[-16.3713634,28.4180751],[-16.3716524,28.4180469],[-16.3716638,28.4180185]]}},{"type":"Feature","id":"way/99210310","properties":{"highway":"path","source":"GPS","trail_visibility":"good","width":"1","id":"way/99210310"},"geometry":{"type":"LineString","coordinates":[[-16.3716638,28.4180185],[-16.3718462,28.4179241],[-16.3718992,28.4178831],[-16.3721037,28.4178298],[-16.3722539,28.4180185]]}},{"type":"Feature","id":"way/99210314","properties":{"highway":"track","source":"GPS","trail_visibility":"good","width":"1","id":"way/99210314"},"geometry":{"type":"LineString","coordinates":[[-16.3722539,28.4180185],[-16.3723504,28.4181978],[-16.3729647,28.4186846],[-16.3735306,28.4185846],[-16.3737237,28.4187073],[-16.373949,28.418745],[-16.3741866,28.4188882],[-16.3744005,28.4190338],[-16.3745859,28.4189346],[-16.3746863,28.4188908],[-16.3747749,28.4188522],[-16.3755417,28.4186028]]}},{"type":"Feature","id":"way/99210316","properties":{"highway":"track","source":"GPS","trail_visibility":"bad","width":"0.4","id":"way/99210316"},"geometry":{"type":"LineString","coordinates":[[-16.3755417,28.4186028],[-16.3757197,28.4186057]]}},{"type":"Feature","id":"way/99210346","properties":{"highway":"track","name":"Camino de Las Barreras","source":"gps","tracktype":"grade2","id":"way/99210346"},"geometry":{"type":"LineString","coordinates":[[-16.3637087,28.4148934],[-16.3637018,28.4147981],[-16.3637828,28.4145531],[-16.3638602,28.4143981],[-16.3640817,28.4138623],[-16.3641816,28.413631]]}},{"type":"Feature","id":"way/99210349","properties":{"highway":"service","id":"way/99210349"},"geometry":{"type":"LineString","coordinates":[[-16.3634826,28.415634],[-16.3634914,28.4155577],[-16.3635078,28.4154787],[-16.3635471,28.4154264],[-16.363642,28.4152511],[-16.3637153,28.4150909],[-16.3637356,28.4150235],[-16.3637248,28.4149506],[-16.3637087,28.4148934]]}},{"type":"Feature","id":"way/102639928","properties":{"alt_name":"Camino Viejo de la Cumbre","highway":"track","motor_vehicle":"yes","name":"Pista las Goteras","source":"GPS track","surface":"dirt","tracktype":"grade2","id":"way/102639928"},"geometry":{"type":"LineString","coordinates":[[-16.3892632,28.4372594],[-16.3893168,28.4369248],[-16.3894778,28.4366512],[-16.3895352,28.4365056],[-16.3896602,28.4361889],[-16.3897782,28.4359342],[-16.3897675,28.4357361],[-16.3896602,28.4356889],[-16.3894563,28.4354719],[-16.3892954,28.4352266],[-16.3892954,28.4350096],[-16.3894349,28.4350757],[-16.3895636,28.4352078],[-16.389746,28.4352832],[-16.3898962,28.4353115],[-16.3899713,28.4352738],[-16.3893812,28.434019],[-16.3895851,28.4339247],[-16.3900035,28.4340379],[-16.3901644,28.4340945],[-16.390429,28.4340893],[-16.3905883,28.4339243],[-16.3907191,28.4337439],[-16.3908618,28.433585],[-16.3910132,28.4329348],[-16.3913245,28.4325287],[-16.3915555,28.4323064],[-16.3918239,28.4317977],[-16.3918274,28.4315754],[-16.3918703,28.4311414],[-16.3919785,28.4309059],[-16.3921775,28.4307175],[-16.3923053,28.4306281],[-16.3926106,28.4305753],[-16.3929217,28.4303678],[-16.3929938,28.4300954]]}},{"type":"Feature","id":"way/105753299","properties":{"destination:ref":"TF-276","highway":"secondary_link","lanes":"1","oneway":"yes","source":"GRAFCAN OrtoExpress Urbana 2009","surface":"asphalt","id":"way/105753299"},"geometry":{"type":"LineString","coordinates":[[-16.3777051,28.4264404],[-16.3777704,28.4263349],[-16.3778525,28.4262353],[-16.3778914,28.426163]]}},{"type":"Feature","id":"way/105753764","properties":{"highway":"service","surface":"asphalt","id":"way/105753764"},"geometry":{"type":"LineString","coordinates":[[-16.3681991,28.4242881],[-16.3681931,28.4247496],[-16.3682012,28.4248465]]}},{"type":"Feature","id":"way/113042638","properties":{"highway":"track","incline":"6","motor_vehicle":"yes","mtb:scale":"1","name":"Pista el Fayal","source":"survey","surface":"dirt","tracktype":"grade2","id":"way/113042638"},"geometry":{"type":"LineString","coordinates":[[-16.3865019,28.4130888],[-16.38664,28.412681],[-16.386858,28.412332],[-16.387343,28.411955],[-16.387727,28.411769],[-16.387908,28.4116536],[-16.3879552,28.4115892],[-16.3879812,28.4115186],[-16.3879627,28.4114689],[-16.3879161,28.4114232],[-16.387544,28.411234],[-16.387445,28.411142],[-16.3874,28.411022],[-16.3874037,28.4109346],[-16.387457,28.410875],[-16.387681,28.410659],[-16.387964,28.410042],[-16.388246,28.409773],[-16.388294,28.409664],[-16.388031,28.409275],[-16.38812,28.408746],[-16.388308,28.408593],[-16.388307,28.408237],[-16.388629,28.407884],[-16.388538,28.407499],[-16.388546,28.407328],[-16.388584,28.407272],[-16.389221,28.407079],[-16.389306,28.4069818],[-16.3892843,28.406762],[-16.3893635,28.4065835],[-16.3894983,28.4065128],[-16.389783,28.406529],[-16.3900075,28.4065828],[-16.3900847,28.4064742],[-16.3901043,28.4059201],[-16.3897901,28.4055064],[-16.389717,28.4053],[-16.389744,28.405123],[-16.389846,28.405004],[-16.3903492,28.4047771],[-16.3904241,28.4046541],[-16.3903945,28.4045963],[-16.390038,28.404251],[-16.3899902,28.4040708],[-16.390015,28.403779],[-16.3900714,28.4037313],[-16.390153,28.4037305]]}},{"type":"Feature","id":"way/122727462","properties":{"highway":"path","name":"Camino de Las Barreras","note:es":"Camino de herradura","sac_scale":"hiking","source":"GPS","surface":"cobblestone","trail_visibility":"good","width":"2","id":"way/122727462"},"geometry":{"type":"LineString","coordinates":[[-16.3641816,28.413631],[-16.3642737,28.4134776],[-16.3644412,28.4132497],[-16.3645682,28.41295],[-16.3648518,28.4127235],[-16.3648736,28.4126248],[-16.3647404,28.4124674],[-16.3646195,28.4122919],[-16.3647342,28.4122378],[-16.3647957,28.4121297],[-16.3647673,28.4120177],[-16.3646358,28.4118791],[-16.3645682,28.4116322],[-16.3644433,28.411531],[-16.3643633,28.4115872],[-16.3643038,28.4115876],[-16.3643574,28.4111913],[-16.3646483,28.4109955],[-16.3647222,28.4109365],[-16.3647963,28.410594],[-16.3648188,28.4104901],[-16.3648081,28.4101822],[-16.3647705,28.4098838],[-16.3646874,28.4098802],[-16.3645533,28.4097009],[-16.36445,28.4097151],[-16.3643414,28.4096484],[-16.3642723,28.4095192],[-16.3640909,28.4094237],[-16.3640517,28.4093181],[-16.3637191,28.4090207],[-16.3635129,28.40897],[-16.3634736,28.4088343],[-16.363306,28.4087566],[-16.3631987,28.4084783],[-16.363188,28.4082187],[-16.3628305,28.4078254],[-16.3628018,28.4077139],[-16.3628696,28.4076742],[-16.3630784,28.4076866],[-16.3632772,28.4077425],[-16.3634335,28.4078076],[-16.3637485,28.4078633],[-16.3638551,28.4078687],[-16.3639176,28.4078177],[-16.3639542,28.4077667],[-16.3638683,28.4075855],[-16.3638387,28.4074776],[-16.3639555,28.407236],[-16.3639473,28.4069909],[-16.3639599,28.4068208],[-16.3638489,28.4065943],[-16.3636601,28.4063785],[-16.3635931,28.4059885],[-16.3633972,28.4055245],[-16.3631727,28.4053939],[-16.363071,28.405292],[-16.3629702,28.405191],[-16.3629681,28.4050904],[-16.3626035,28.4047324],[-16.3626296,28.4046801],[-16.3627144,28.4046717],[-16.3627213,28.4046279]]}},{"type":"Feature","id":"way/122727481","properties":{"highway":"track","source":"GRAFCAN OrtoExpress 2009","id":"way/122727481"},"geometry":{"type":"LineString","coordinates":[[-16.3635078,28.4154787],[-16.3634692,28.4154169],[-16.3634199,28.4153563],[-16.3630808,28.4150697],[-16.3627132,28.4147754],[-16.362631,28.4147053],[-16.3625019,28.414545],[-16.3621527,28.4140576],[-16.3620857,28.4139407],[-16.361925,28.4138217],[-16.3618415,28.4136992],[-16.3618149,28.4135446],[-16.3618225,28.4134566],[-16.361935,28.4133656],[-16.3619584,28.4132251],[-16.3619155,28.4129372],[-16.3618298,28.4126768],[-16.3616311,28.412406],[-16.3614713,28.4122861],[-16.3613895,28.4121044],[-16.3614168,28.4120051],[-16.3614519,28.4119776],[-16.3614597,28.4118885]]}},{"type":"Feature","id":"way/122727492","properties":{"highway":"residential","name":"Camino de la Vegueta","source":"GPS","tracktype":"grade4","id":"way/122727492"},"geometry":{"type":"LineString","coordinates":[[-16.3634826,28.415634],[-16.363118,28.4154183],[-16.3630372,28.4153885],[-16.3627322,28.415324],[-16.3626576,28.415324],[-16.3625665,28.4153407],[-16.3623058,28.4154798],[-16.3621793,28.4155199],[-16.3619153,28.4155572],[-16.3617516,28.4155844],[-16.3615201,28.4155833]]}},{"type":"Feature","id":"way/124554487","properties":{"highway":"path","lit":"no","sac_scale":"hiking","source":"GPS","trail_visibility":"intermediate","width":"2","id":"way/124554487"},"geometry":{"type":"LineString","coordinates":[[-16.3862106,28.4282675],[-16.3865377,28.4281008],[-16.3866056,28.4277614],[-16.3867907,28.4275886],[-16.3868154,28.4274713],[-16.3867885,28.427202],[-16.386621,28.4269033],[-16.3864647,28.4267248],[-16.3861894,28.4265024],[-16.3859608,28.4262854],[-16.3857786,28.4261383],[-16.385357,28.425922],[-16.3849622,28.4257739],[-16.3843722,28.4255626],[-16.383733,28.4254232],[-16.3833179,28.42538],[-16.3830393,28.4252599],[-16.3827716,28.425207],[-16.3821379,28.4252455],[-16.3817992,28.4253175],[-16.381384,28.4255481],[-16.3810781,28.4257355],[-16.3809596,28.4258848],[-16.3809142,28.4259421],[-16.3808719,28.4261925]]}},{"type":"Feature","id":"way/124554489","properties":{"highway":"path","source":"GPS","width":"1","id":"way/124554489"},"geometry":{"type":"LineString","coordinates":[[-16.3783037,28.4261016],[-16.3782882,28.4263646]]}},{"type":"Feature","id":"way/128467127","properties":{"highway":"path","source":"GPS","width":"1","id":"way/128467127"},"geometry":{"type":"LineString","coordinates":[[-16.3775418,28.4268448],[-16.3777115,28.4268757],[-16.3778243,28.4269479]]}},{"type":"Feature","id":"way/130805904","properties":{"highway":"residential","source":"Yahoo","id":"way/130805904"},"geometry":{"type":"LineString","coordinates":[[-16.3667205,28.4225827],[-16.3667991,28.4225991],[-16.3671353,28.4227888],[-16.3671246,28.4229225],[-16.3669228,28.4231768],[-16.3667754,28.4233733],[-16.3667136,28.4235216],[-16.366534,28.4236334],[-16.3665577,28.4236844],[-16.3668396,28.4238162]]}},{"type":"Feature","id":"way/130805909","properties":{"highway":"secondary","lanes":"2","lit":"no","name":"Calle Las Barreras","ref":"TF-274","surface":"asphalt","id":"way/130805909"},"geometry":{"type":"LineString","coordinates":[[-16.3577692,28.4206682],[-16.3583,28.4206334],[-16.3584391,28.4206211],[-16.3585611,28.4205926],[-16.3586791,28.4205172],[-16.3589219,28.4201955],[-16.3590255,28.4201046],[-16.3591177,28.4200576],[-16.3593144,28.420001],[-16.3604047,28.419781],[-16.3609019,28.4197073],[-16.3619085,28.4196285],[-16.3621457,28.4196271],[-16.362284,28.4196491],[-16.3624721,28.4197437],[-16.3626416,28.4198562],[-16.3631814,28.420276],[-16.3635595,28.4206435],[-16.3636238,28.4207474],[-16.3638471,28.4212743],[-16.3639451,28.4215646],[-16.3640028,28.4220788],[-16.3640466,28.4223399],[-16.3641102,28.4225714],[-16.3641992,28.4227578],[-16.364346,28.4229917],[-16.3644873,28.4231681],[-16.3648896,28.4235619],[-16.3650437,28.4237027],[-16.365105,28.4237921],[-16.365087,28.4238801],[-16.3649467,28.424058],[-16.3648618,28.4242088],[-16.3648719,28.4242677],[-16.3649273,28.4243099],[-16.3650444,28.4242995],[-16.365273,28.424153],[-16.3654068,28.4240877],[-16.3655519,28.4240846],[-16.3659777,28.4242575],[-16.3660385,28.4242892],[-16.3661722,28.4243472],[-16.3667075,28.4245797],[-16.3669869,28.4246752],[-16.3671511,28.4246908],[-16.3676923,28.4246509],[-16.3678462,28.4246573],[-16.3679634,28.4247004],[-16.3682012,28.4248465]]}},{"type":"Feature","id":"way/130805915","properties":{"highway":"residential","lanes":"2","lit":"yes","name":"Camino Las Barreras","source":"Yahoo","surface":"asphalt","id":"way/130805915"},"geometry":{"type":"LineString","coordinates":[[-16.3631814,28.420276],[-16.3632041,28.4202341],[-16.3634232,28.4197418],[-16.3636318,28.4194281],[-16.3636926,28.4192188],[-16.3637584,28.4189785],[-16.3638811,28.4187704],[-16.3639102,28.4187058],[-16.3639191,28.418638],[-16.3638811,28.4184833],[-16.3638811,28.4184265],[-16.3639064,28.4183575],[-16.3640215,28.4181072],[-16.3640633,28.4179959],[-16.3640819,28.4179334],[-16.3640843,28.4176412],[-16.3640797,28.4175285],[-16.3640619,28.4173946],[-16.363798,28.4168049],[-16.3637445,28.4165947],[-16.3637242,28.4164802],[-16.363728,28.416429],[-16.3637546,28.4163968],[-16.3639293,28.41629],[-16.3639532,28.4162343],[-16.3639583,28.416192]]}},{"type":"Feature","id":"way/130805924","properties":{"highway":"secondary","lanes":"2","lit":"no","name":"Carretera Escuela Hogar","oneway":"no","ref":"TF-274","source":"GRAFCAN OrtoExpress Urbana 2009","surface":"asphalt","id":"way/130805924"},"geometry":{"type":"LineString","coordinates":[[-16.3713222,28.4275807],[-16.3712663,28.4275316],[-16.3712602,28.4275279],[-16.3711975,28.4274899],[-16.3701565,28.4270608],[-16.3699652,28.4269725],[-16.3698601,28.4269063],[-16.369786,28.4268401],[-16.3697405,28.4267801],[-16.3697058,28.4267077],[-16.3696767,28.4266048],[-16.3696665,28.4265395],[-16.3695889,28.4260448],[-16.369553,28.4259376],[-16.3695004,28.4258546],[-16.3689506,28.4253416],[-16.3687307,28.4251703],[-16.3685514,28.4250652],[-16.3683124,28.4249306],[-16.3682012,28.4248465]]}},{"type":"Feature","id":"way/130805925","properties":{"highway":"residential","lit":"yes","name":"Camino Los Panascos Alto","source":"Yahoo","surface":"asphalt","id":"way/130805925"},"geometry":{"type":"LineString","coordinates":[[-16.3649273,28.4243099],[-16.3648039,28.4243376],[-16.3646193,28.4243192],[-16.3641307,28.4242094],[-16.3640504,28.4241739],[-16.3639815,28.4241182],[-16.3639378,28.4240653],[-16.3638943,28.4239837],[-16.3638608,28.4238433],[-16.363801,28.4237752],[-16.3636127,28.4236806],[-16.3634406,28.423627],[-16.3633453,28.4235973],[-16.3628249,28.4234267]]}},{"type":"Feature","id":"way/130805933","properties":{"highway":"unclassified","maxspeed":"30","source":"Yahoo","surface":"asphalt","id":"way/130805933"},"geometry":{"type":"LineString","coordinates":[[-16.3672619,28.4312894],[-16.367278,28.4313455],[-16.367286,28.4314092],[-16.3672847,28.4314669],[-16.3672759,28.431522],[-16.3672605,28.4315637],[-16.3672404,28.4315955],[-16.3671792,28.4316665],[-16.366847,28.4319463],[-16.3664927,28.4322957],[-16.366376,28.4324872],[-16.3659959,28.4329458],[-16.3657478,28.43319],[-16.3655861,28.4333256],[-16.3654695,28.433407],[-16.3653495,28.4334767],[-16.3646719,28.4337936],[-16.3644894,28.4339235],[-16.364274,28.4342103],[-16.3641126,28.4346349],[-16.36407,28.4347019],[-16.3640043,28.434782],[-16.3637294,28.4351134],[-16.3635953,28.4352526],[-16.3634384,28.43538],[-16.3631399,28.4355978]]}},{"type":"Feature","id":"way/145131591","properties":{"highway":"path","id":"way/145131591"},"geometry":{"type":"LineString","coordinates":[[-16.3919102,28.4117206],[-16.3916552,28.4115919],[-16.3914251,28.4115216],[-16.3911778,28.4114739],[-16.3909262,28.411347],[-16.3907969,28.4112569],[-16.3907494,28.4111243]]}},{"type":"Feature","id":"way/152825061","properties":{"bicycle":"no","foot":"designated","highway":"path","horse":"no","motorcycle":"no","mtb:scale":"1","sac_scale":"hiking","source":"GPS","surface":"dirt","trail_visibility":"good","id":"way/152825061"},"geometry":{"type":"LineString","coordinates":[[-16.401286,28.4126639],[-16.4012577,28.4125868],[-16.4012712,28.4124628],[-16.4012367,28.4124055],[-16.4011178,28.4124955],[-16.4009144,28.412463],[-16.4007692,28.4123286],[-16.4004848,28.4120714],[-16.4002495,28.4118737],[-16.4000056,28.4118774],[-16.3993623,28.4120173],[-16.3988163,28.4117948],[-16.3986656,28.4112903],[-16.3981278,28.410905],[-16.3980823,28.4108829],[-16.3980085,28.4108935],[-16.3977819,28.4110433],[-16.3977282,28.4111566],[-16.3974023,28.4113306],[-16.3970587,28.4113527],[-16.3965588,28.4115246],[-16.3963107,28.4117776],[-16.3959142,28.4118362],[-16.3952787,28.4119734],[-16.3947861,28.4118942],[-16.3939798,28.4119174],[-16.393264,28.4118263],[-16.3927535,28.4117276],[-16.392396,28.411685],[-16.3922253,28.4116693],[-16.3920127,28.4116666],[-16.3919102,28.4117206]]}},{"type":"Feature","id":"way/156254051","properties":{"foot":"designated","highway":"path","sac_scale":"hiking","trail_visibility":"good","width":"2","id":"way/156254051"},"geometry":{"type":"LineString","coordinates":[[-16.38042,28.4109471],[-16.3803368,28.4109112],[-16.3800257,28.4105904],[-16.3800257,28.4104771],[-16.3798755,28.4104299],[-16.3793605,28.410949],[-16.3790064,28.4111471],[-16.3788133,28.4112132],[-16.3785236,28.4111188],[-16.3785129,28.4109584],[-16.3785665,28.4106659],[-16.3785558,28.4104583],[-16.3784378,28.410279],[-16.3782447,28.4102129],[-16.3780945,28.4100336],[-16.3777726,28.4099959],[-16.3776117,28.4099298],[-16.3774615,28.4098354],[-16.3771289,28.4099015],[-16.3766997,28.4096844],[-16.3765281,28.4096561],[-16.3765388,28.4095901],[-16.3762277,28.4095429],[-16.3756376,28.4091654],[-16.3753372,28.4088729],[-16.3749724,28.4088257],[-16.3748007,28.4087219],[-16.374672,28.4085332],[-16.3745218,28.4084954],[-16.3741785,28.4084482],[-16.3737922,28.4082406],[-16.3736527,28.4082972],[-16.3735347,28.4082689],[-16.373524,28.408184],[-16.3734382,28.4082312],[-16.3733416,28.4081557],[-16.3732129,28.4081462],[-16.3732236,28.4080802],[-16.3730412,28.4080613],[-16.3728695,28.4081274],[-16.3727944,28.4079292],[-16.3727301,28.4079292],[-16.3728481,28.40758],[-16.3728588,28.4074102],[-16.3727515,28.4073347],[-16.3724726,28.4073064],[-16.3716357,28.4070044],[-16.3715221,28.4070625],[-16.37111,28.4067307],[-16.3710456,28.4066458],[-16.3710027,28.4066363],[-16.3709062,28.4066741],[-16.3706272,28.406608],[-16.369962,28.4062211],[-16.3698869,28.4062966],[-16.3697367,28.4062211],[-16.3696187,28.4061173],[-16.3695007,28.4060701],[-16.3694534,28.406064],[-16.369471,28.4061343],[-16.3694503,28.4061434],[-16.3692488,28.4060464],[-16.3690536,28.4059846],[-16.368604,28.4059574],[-16.3683744,28.4058737],[-16.3682753,28.4057902],[-16.3681834,28.4057717],[-16.3678291,28.4055016],[-16.3674944,28.4053906],[-16.3671623,28.4052504]]}},{"type":"Feature","id":"way/156254071","properties":{"highway":"track","source":"GRAFCAN OrtoExpress Urbana 2009","id":"way/156254071"},"geometry":{"type":"LineString","coordinates":[[-16.3846281,28.4115139],[-16.3843223,28.4114396],[-16.384091,28.4113605],[-16.3838185,28.4112293],[-16.3835588,28.4111389],[-16.3831321,28.4110123],[-16.3831038,28.4109467],[-16.3831269,28.4107138],[-16.3830292,28.4106053],[-16.3829161,28.4105352],[-16.3827773,28.4104719],[-16.3827285,28.4104221],[-16.3827285,28.4103294]]}},{"type":"Feature","id":"way/156254080","properties":{"highway":"track","source":"PNOA","source:date":"2005","id":"way/156254080"},"geometry":{"type":"LineString","coordinates":[[-16.3860439,28.4100382],[-16.3859344,28.409858],[-16.3858923,28.4097867],[-16.3858642,28.4097424],[-16.3857586,28.4097176],[-16.3856465,28.4096734],[-16.385551,28.4096204],[-16.3854951,28.409542],[-16.3854496,28.4094408],[-16.3852981,28.409177],[-16.3852755,28.4090487],[-16.3852924,28.4089425],[-16.3853147,28.4088698],[-16.3853478,28.4088256],[-16.3854769,28.4087358],[-16.3856406,28.4087165],[-16.3858089,28.4087242],[-16.3858518,28.4086923],[-16.3858695,28.408654],[-16.3858091,28.4084232],[-16.3857971,28.4083445],[-16.3858354,28.4082501],[-16.3859035,28.408155],[-16.3859139,28.4080314],[-16.3859561,28.4078924],[-16.3860715,28.4077701],[-16.3862342,28.407657],[-16.3863523,28.4075347],[-16.3864074,28.4074262],[-16.3864201,28.4073312],[-16.3862681,28.4070482],[-16.3861798,28.4069451]]}},{"type":"Feature","id":"way/156254084","properties":{"highway":"track","source":"GRAFCAN OrtoExpress Urbana 2009","id":"way/156254084"},"geometry":{"type":"LineString","coordinates":[[-16.3851727,28.4103164],[-16.3851069,28.410299],[-16.3849761,28.4102622],[-16.3847362,28.4101982],[-16.3844326,28.4100991],[-16.3843799,28.4100687]]}},{"type":"Feature","id":"way/156400822","properties":{"alt_name":"Camino de Benijo","description:es":"Algunos tramos empedrados. Mucha vegetación","highway":"path","name":"Camino de Bedijo","overgrown":"yes","sac_scale":"mountain_hiking","source":"GPS;PNOA;GRAFCAN OrtoExpress Urbana 2009","source:date":"2005","trail_visibility":"bad","width":"2","id":"way/156400822"},"geometry":{"type":"LineString","coordinates":[[-16.3681834,28.4057717],[-16.3682985,28.4059037],[-16.3683753,28.4060371],[-16.3685987,28.4061901],[-16.3686313,28.4062609],[-16.3686104,28.4063338],[-16.3685493,28.4063773],[-16.3684623,28.4065107],[-16.3684412,28.4067651],[-16.3684012,28.4069471],[-16.3683283,28.4070505],[-16.3681772,28.4074197],[-16.3680352,28.4076609],[-16.3679086,28.4078271],[-16.3678866,28.4078973],[-16.3678921,28.4080043],[-16.3678701,28.4080606],[-16.3678261,28.4081083],[-16.3676365,28.4081765],[-16.3676161,28.4082064],[-16.367619,28.4082911],[-16.3676783,28.4083775],[-16.3677227,28.4084779],[-16.3679252,28.4086388],[-16.3680549,28.4086656],[-16.3681629,28.4087167],[-16.3683495,28.4087736],[-16.3684206,28.4088191],[-16.36869,28.4088981],[-16.3687947,28.4088966],[-16.369024,28.4089972],[-16.3691742,28.4090148],[-16.3692957,28.4090097],[-16.3694835,28.4090093],[-16.3696271,28.4089498],[-16.3697671,28.4088653],[-16.3698716,28.4088975],[-16.3699457,28.4089618],[-16.370163,28.4092631],[-16.3702413,28.4093293],[-16.3702883,28.4093872],[-16.3703573,28.409525],[-16.3704211,28.4096355],[-16.3704816,28.4096738],[-16.3708812,28.4098661],[-16.371013,28.4098982],[-16.3710224,28.4099248],[-16.370918,28.4099248],[-16.3708501,28.4099524],[-16.3708052,28.4100002],[-16.370847,28.4100323],[-16.3707477,28.4100783],[-16.3706222,28.4101132],[-16.3706252,28.4101379],[-16.3707064,28.4101457],[-16.3707286,28.4101639],[-16.3707212,28.4101859],[-16.3704967,28.4102626],[-16.3704819,28.4103159],[-16.3705498,28.4106173],[-16.3705676,28.4107862],[-16.3706887,28.410859],[-16.3707242,28.410898],[-16.3707079,28.4109694],[-16.3707138,28.4110019],[-16.3707345,28.4110136],[-16.3708778,28.4110149],[-16.3708911,28.4110292],[-16.3708276,28.4112176],[-16.3707655,28.4113137],[-16.3707197,28.411419],[-16.3706961,28.4115229],[-16.3707005,28.4115606],[-16.3707552,28.4115281],[-16.3707892,28.4115242],[-16.370829,28.4116178],[-16.3709147,28.4116438],[-16.3711806,28.4118244],[-16.3712294,28.4118322],[-16.3714111,28.4118218],[-16.3715898,28.4118906],[-16.3716976,28.411979],[-16.3720241,28.4122024],[-16.3720049,28.4122219],[-16.3719502,28.4122245],[-16.3719562,28.4122479],[-16.3720049,28.4122921],[-16.3720005,28.4123324],[-16.3721024,28.4123766],[-16.3720802,28.4124571],[-16.3721009,28.4124688],[-16.3721822,28.4124636],[-16.3721556,28.4125624],[-16.3721674,28.4125909],[-16.3722147,28.4126312],[-16.3724983,28.4127027],[-16.3726637,28.4127663],[-16.3726593,28.4127819],[-16.3726076,28.4127949],[-16.3726327,28.4128352],[-16.3726209,28.4128898],[-16.3725751,28.4129352],[-16.3724968,28.4129534],[-16.3725086,28.4130366],[-16.3725441,28.413099],[-16.3726445,28.4131977],[-16.372745,28.4132614],[-16.3727804,28.4133029],[-16.3729695,28.4134472],[-16.3732839,28.4136436],[-16.3733548,28.4137293],[-16.3734449,28.4139164],[-16.3735498,28.4140463],[-16.3736355,28.4141035],[-16.3737005,28.4141711],[-16.3738497,28.4142594],[-16.3739826,28.4144556],[-16.3741377,28.4145154],[-16.3743445,28.4146856],[-16.3744524,28.414735],[-16.3746776,28.4149098],[-16.3750717,28.4151572],[-16.3751725,28.4152374],[-16.3753021,28.4153999],[-16.3751629,28.4156173],[-16.3753381,28.4157461],[-16.3755191,28.415847],[-16.3758613,28.4160268],[-16.3760365,28.4160859],[-16.3761805,28.4161682],[-16.3762405,28.4161872],[-16.3765265,28.4164105],[-16.3767273,28.4164536],[-16.3770898,28.4166626],[-16.3774655,28.4169469],[-16.3776214,28.4170051],[-16.3777536,28.4170396],[-16.377957,28.4170138],[-16.3781113,28.4169448]]}},{"type":"Feature","id":"way/157560356","properties":{"access":"private","highway":"track","source":"GRAFCAN OrtoExpress Urbana 2009; GPS","surface":"concrete","tracktype":"grade1","id":"way/157560356"},"geometry":{"type":"LineString","coordinates":[[-16.3791075,28.4168018],[-16.379265,28.4165401]]}},{"type":"Feature","id":"way/157560358","properties":{"highway":"path","sac_scale":"hiking","source":"survey","trail_visibility":"good","width":"1","id":"way/157560358"},"geometry":{"type":"LineString","coordinates":[[-16.384077,28.413222],[-16.3833905,28.4129751]]}},{"type":"Feature","id":"way/157560365","properties":{"access":"private","highway":"track","source":"GRAFCAN OrtoExpress Urbana 2009","tracktype":"grade3","id":"way/157560365"},"geometry":{"type":"LineString","coordinates":[[-16.3794341,28.4165726],[-16.3794227,28.4166116],[-16.379245,28.4171566]]}},{"type":"Feature","id":"way/157560368","properties":{"highway":"path","overgrown":"yes","sac_scale":"mountain_hiking","source":"PNOA; survey","source:date":"2005","trail_visibility":"good","width":"1","id":"way/157560368"},"geometry":{"type":"LineString","coordinates":[[-16.3755191,28.415847],[-16.3753275,28.4160784],[-16.3753123,28.4161251],[-16.3753381,28.4161784],[-16.3753305,28.416221],[-16.3752184,28.4164128],[-16.3750866,28.4167685],[-16.3750563,28.4169044],[-16.3750381,28.4171042],[-16.3751957,28.4171602],[-16.3754289,28.4171788],[-16.3755865,28.4172654],[-16.3756577,28.4173174],[-16.3756955,28.4173787],[-16.3757425,28.4174133],[-16.3758349,28.41744],[-16.3760296,28.4174221],[-16.3761243,28.4174644],[-16.3761756,28.4175068],[-16.3761823,28.4175466],[-16.3761818,28.4175942],[-16.3761134,28.4176229],[-16.3760458,28.4177911]]}},{"type":"Feature","id":"way/157560379","properties":{"highway":"path","sac_scale":"hiking","source":"GPS","trail_visibility":"good","width":"1","id":"way/157560379"},"geometry":{"type":"LineString","coordinates":[[-16.3851722,28.4140343],[-16.385049,28.414117],[-16.384882,28.414116],[-16.38485,28.414159],[-16.384951,28.414397]]}},{"type":"Feature","id":"way/157560382","properties":{"highway":"track","source":"GRAFCAN OrtoExpress Urbana 2009; GPS","surface":"ground","tracktype":"grade3","id":"way/157560382"},"geometry":{"type":"LineString","coordinates":[[-16.379265,28.4165401],[-16.3794341,28.4165726],[-16.3800189,28.4166851],[-16.3802006,28.4167442],[-16.3805853,28.4170607]]}},{"type":"Feature","id":"way/157560388","properties":{"highway":"track","source":"GRAFCAN OrtoExpress Urbana 2009","surface":"ground","tracktype":"grade3","id":"way/157560388"},"geometry":{"type":"LineString","coordinates":[[-16.3802006,28.4167442],[-16.3802823,28.4166663],[-16.3803295,28.4165668],[-16.3803924,28.4163925],[-16.3804647,28.416239],[-16.3804946,28.4160509]]}},{"type":"Feature","id":"way/157560389","properties":{"access":"private","highway":"path","source":"GRAFCAN OrtoExpress Urbana 2009;GPS","trail_visibility":"good","width":"1","id":"way/157560389"},"geometry":{"type":"LineString","coordinates":[[-16.3781113,28.4169448],[-16.3783268,28.416919],[-16.3784664,28.4168888],[-16.3786134,28.4168737],[-16.3788475,28.4168458],[-16.3790025,28.4168282],[-16.3791075,28.4168018]]}},{"type":"Feature","id":"way/158799346","properties":{"highway":"service","lit":"no","source":"GRAFCAN OrtoExpress Urbana 2009","surface":"asphalt","id":"way/158799346"},"geometry":{"type":"LineString","coordinates":[[-16.3716855,28.4260524],[-16.3716287,28.426185],[-16.3716182,28.4262738],[-16.3716287,28.4263574],[-16.3716797,28.4264554],[-16.3717272,28.4265074],[-16.371791,28.4266084],[-16.3717736,28.4266828],[-16.3717168,28.426745],[-16.371457,28.4268389],[-16.3713352,28.4269093],[-16.371243,28.4270303],[-16.3712134,28.427101],[-16.3712018,28.4272153],[-16.3712192,28.4273244],[-16.3713222,28.4275807]]}},{"type":"Feature","id":"way/158799372","properties":{"access":"private","highway":"service","service":"driveway","source":"GRAFCAN OrtoExpress Urbana 2009","id":"way/158799372"},"geometry":{"type":"LineString","coordinates":[[-16.3677438,28.4217252],[-16.3677721,28.4217308],[-16.3679123,28.4217586],[-16.368111,28.4218347],[-16.3682136,28.4219071]]}},{"type":"Feature","id":"way/158799381","properties":{"highway":"track","source":"GRAFCAN OrtoExpress Urbana 2009","id":"way/158799381"},"geometry":{"type":"LineString","coordinates":[[-16.3689099,28.4211316],[-16.3689473,28.4210671],[-16.3689937,28.4208979],[-16.3690124,28.4207583],[-16.3690211,28.4206932]]}},{"type":"Feature","id":"way/158799422","properties":{"highway":"service","source":"GRAFCAN OrtoExpress Urbana 2009","id":"way/158799422"},"geometry":{"type":"LineString","coordinates":[[-16.3676768,28.4213218],[-16.3676531,28.4214622],[-16.3676579,28.4215067],[-16.3677111,28.4216225],[-16.3677438,28.4217252],[-16.3677546,28.4217867],[-16.3677475,28.4218217],[-16.3676936,28.4218534]]}},{"type":"Feature","id":"way/158799463","properties":{"highway":"path","source":"GRAFCAN OrtoExpress Urbana 2009","id":"way/158799463"},"geometry":{"type":"LineString","coordinates":[[-16.3676936,28.4218534],[-16.3676457,28.4219266],[-16.3675995,28.4220373],[-16.3675983,28.4222414],[-16.3676541,28.4223211],[-16.3675523,28.4223715],[-16.3671926,28.4225041],[-16.3669669,28.4225854],[-16.3667991,28.4225991]]}},{"type":"Feature","id":"way/158967802","properties":{"bicycle":"designated","highway":"track","mtb:scale":"0","name":"Pista el Acebiñal","source":"GPS track","surface":"dirt","tracktype":"grade2","id":"way/158967802"},"geometry":{"type":"LineString","coordinates":[[-16.3778665,28.4271505],[-16.3778351,28.4271546],[-16.3778023,28.4271693],[-16.377765,28.427212],[-16.377585,28.427563],[-16.377303,28.427543],[-16.376937,28.42759],[-16.37645,28.427928],[-16.376361,28.428064],[-16.3764607,28.4284507],[-16.376425,28.4285969],[-16.3763251,28.4288253]]}},{"type":"Feature","id":"way/158967803","properties":{"bicycle":"yes","foot":"yes","highway":"track","horse":"yes","motor_vehicle":"no","mtb:scale":"0","name":"Pista el Acebiñal","source":"GPS track","surface":"unpaved","tracktype":"grade2","id":"way/158967803"},"geometry":{"type":"LineString","coordinates":[[-16.3843043,28.4411714],[-16.3843011,28.4410892],[-16.3842963,28.4408855],[-16.3843311,28.4404514],[-16.3842152,28.4402968],[-16.3841637,28.4400175],[-16.3841723,28.4396855],[-16.3841637,28.4393987],[-16.3841981,28.4390817],[-16.3843955,28.4389307],[-16.3846186,28.438659],[-16.3848246,28.438493],[-16.385022,28.4383118],[-16.3851079,28.4381835],[-16.3852538,28.4380628],[-16.3856407,28.4374532],[-16.3858286,28.4373139],[-16.3859278,28.4372404],[-16.3861891,28.4371295],[-16.386399,28.4369737],[-16.3864554,28.4368778],[-16.3863859,28.4368314],[-16.38591,28.436906],[-16.3851508,28.4370967],[-16.3849568,28.4371779],[-16.3846184,28.4373904],[-16.3843723,28.4375804],[-16.3842729,28.4375327],[-16.3842379,28.4374366],[-16.3842238,28.4372624],[-16.3842067,28.4370514],[-16.384361,28.436822],[-16.384569,28.436674],[-16.384716,28.436476],[-16.3852658,28.4361694],[-16.3853224,28.4361457],[-16.3857344,28.4358061],[-16.3857881,28.4357273],[-16.3857768,28.4356466],[-16.3857474,28.4356026],[-16.3856513,28.4355761],[-16.3855083,28.4356021],[-16.385022,28.4358061],[-16.3844298,28.4357382],[-16.3843248,28.4358874],[-16.3842238,28.4361684],[-16.3835887,28.4364854],[-16.3834214,28.4365361],[-16.3830436,28.4367901],[-16.3825587,28.4368024],[-16.3823853,28.4367389],[-16.3823012,28.4366288],[-16.3821553,28.4363948],[-16.3820851,28.4362423],[-16.3818819,28.4360423],[-16.3818548,28.4359744],[-16.3818826,28.4358254],[-16.3818377,28.4357759],[-16.3814858,28.4356249],[-16.3810223,28.4353683],[-16.3808959,28.4352554],[-16.3808169,28.4351081],[-16.3807895,28.4349437],[-16.3808281,28.4348392],[-16.3810353,28.4346556],[-16.3812861,28.4344853],[-16.3815716,28.4340626],[-16.3818549,28.4340173],[-16.382094,28.433854],[-16.382313,28.433542],[-16.38232,28.433457],[-16.3822971,28.433408],[-16.382218,28.4334125],[-16.38172,28.433592],[-16.3813222,28.4337205],[-16.380844,28.433872],[-16.3806892,28.4338502],[-16.380598,28.4338195],[-16.3805577,28.4337511],[-16.3806141,28.4336403],[-16.3808662,28.4332959],[-16.380865,28.433191],[-16.3807901,28.4332039],[-16.38056,28.433317],[-16.380315,28.43335],[-16.379921,28.433366],[-16.379799,28.433322],[-16.379744,28.433256],[-16.379762,28.432911],[-16.379652,28.432872],[-16.379415,28.432934],[-16.379222,28.432905],[-16.378427,28.432239],[-16.3782369,28.4320247],[-16.378142,28.431869],[-16.378072,28.431672],[-16.378028,28.431192],[-16.377755,28.430844],[-16.377916,28.430393],[-16.377674,28.4300192],[-16.3776579,28.4299249],[-16.37767,28.4298435],[-16.3777102,28.4297716],[-16.3777612,28.4297102],[-16.3778269,28.4296678],[-16.377902,28.4296324],[-16.3780133,28.4296112],[-16.3781086,28.4296123],[-16.3782011,28.4296076],[-16.3782427,28.4295758],[-16.3782507,28.4295333],[-16.3782413,28.4294873],[-16.3780723,28.4293081],[-16.3779221,28.4290757],[-16.3777625,28.4287549],[-16.3776353,28.4285504],[-16.377576,28.428417],[-16.3776273,28.4282933],[-16.3778204,28.4280055],[-16.377931,28.427774],[-16.3779491,28.4274936],[-16.377929,28.4272519],[-16.3779196,28.4272041],[-16.3778921,28.4271675],[-16.3778665,28.4271505]]}},{"type":"Feature","id":"way/159104135","properties":{"highway":"track","mtb:scale":"1","name":"Pista los Barriales","source":"GRAFCAN OrtoExpress Urbana 2009; GPS","tracktype":"grade2","id":"way/159104135"},"geometry":{"type":"LineString","coordinates":[[-16.3818377,28.4357759],[-16.3818412,28.4357134],[-16.3817419,28.4354597],[-16.3817053,28.4353049],[-16.3816831,28.4351872],[-16.3817872,28.4348457],[-16.3822075,28.4345835],[-16.3823095,28.4345553],[-16.3824737,28.43458],[-16.3825757,28.4345571],[-16.3827358,28.4344902],[-16.383105,28.4342278],[-16.3832118,28.4341908],[-16.3834352,28.4341766],[-16.3835518,28.4341566],[-16.383649,28.4341139],[-16.3837331,28.4340513],[-16.383827,28.4339232],[-16.3839404,28.4338149],[-16.3840288,28.4336701],[-16.3842429,28.4334307],[-16.384427,28.4333535],[-16.3845651,28.4332653],[-16.3846278,28.4331228],[-16.384984,28.4329292],[-16.3856014,28.4327158],[-16.3856044,28.4327224]]}},{"type":"Feature","id":"way/159104145","properties":{"highway":"track","mtb:scale":"1","name":"Pista los Barriales","source":"GPS","source:date":"2005","tracktype":"grade2","id":"way/159104145"},"geometry":{"type":"LineString","coordinates":[[-16.3856014,28.4327158],[-16.3856552,28.4324374],[-16.3858191,28.4318789],[-16.3858651,28.4316787],[-16.3859771,28.4313629],[-16.3860989,28.4312559],[-16.3861598,28.4311309],[-16.3861268,28.4310568],[-16.3860718,28.4310262]]}},{"type":"Feature","id":"way/159104147","properties":{"highway":"unclassified","name":"Calle Las Rosas","source":"GRAFCAN OrtoExpress Urbana 2009","id":"way/159104147"},"geometry":{"type":"LineString","coordinates":[[-16.3693982,28.4308891],[-16.3691957,28.4314268],[-16.3691166,28.4316191],[-16.3691059,28.4316792],[-16.3691139,28.4317099],[-16.3691401,28.4317506],[-16.3691971,28.4318246],[-16.3693392,28.4321309],[-16.369416,28.4323801],[-16.3694308,28.4324645],[-16.3694284,28.4324947],[-16.369413,28.4325354],[-16.3693273,28.4326945],[-16.3692118,28.4329659],[-16.3689004,28.4335818],[-16.368828,28.4336936],[-16.3688108,28.4337631],[-16.3688135,28.4338233],[-16.3688336,28.4338852]]}},{"type":"Feature","id":"way/159104155","properties":{"highway":"path","source":"GRAFCAN OrtoExpress Urbana 2009","id":"way/159104155"},"geometry":{"type":"LineString","coordinates":[[-16.3782369,28.4320247],[-16.3781472,28.4321108],[-16.3780785,28.4322538],[-16.3780868,28.4324169],[-16.3780743,28.4324444],[-16.3780493,28.4324682],[-16.3779555,28.4325122],[-16.3776658,28.4327376],[-16.3776116,28.4328531],[-16.3775658,28.4329026],[-16.3775032,28.433062],[-16.3774053,28.4331573],[-16.3772969,28.4332325],[-16.3772386,28.4333461],[-16.3771927,28.4333974],[-16.3770489,28.4334799],[-16.376928,28.433566],[-16.3767634,28.43361],[-16.3766592,28.4337402],[-16.3765966,28.433764],[-16.3763486,28.4337383]]}},{"type":"Feature","id":"way/159104160","properties":{"highway":"track","lit":"no","source":"GRAFCAN OrtoExpress Urbana 2009","surface":"dirt","id":"way/159104160"},"geometry":{"type":"LineString","coordinates":[[-16.3743858,28.4303353],[-16.3744813,28.4302012],[-16.3745222,28.4300433],[-16.3745283,28.43002],[-16.3746843,28.4297842],[-16.3747161,28.4296803],[-16.3747193,28.4296308],[-16.3747025,28.4295937],[-16.3745737,28.4294805],[-16.3745222,28.4293113],[-16.3745146,28.4292633],[-16.3745313,28.429214],[-16.3746191,28.4290728],[-16.3746797,28.4290422],[-16.3747479,28.4289822],[-16.3748494,28.4288597],[-16.3750842,28.4287824],[-16.3751963,28.4287638],[-16.3752581,28.4288818],[-16.3752702,28.4290337],[-16.3753217,28.4291549],[-16.3753611,28.4291802],[-16.375402,28.4291656],[-16.3755156,28.4290057],[-16.37564,28.4289115],[-16.3757594,28.4288547],[-16.3758319,28.4287792],[-16.3758774,28.4286518],[-16.3759043,28.428482],[-16.3759365,28.4283074],[-16.3759713,28.4282909]]}},{"type":"Feature","id":"way/159104163","properties":{"highway":"unclassified","lit":"no","name":"Camino Lomo los Pinos","source":"GRAFCAN OrtoExpress Urbana 2009","surface":"asphalt","id":"way/159104163"},"geometry":{"type":"LineString","coordinates":[[-16.3714945,28.4277787],[-16.3713259,28.4279891],[-16.371264,28.4282273],[-16.3711516,28.4285656],[-16.3711127,28.4286607],[-16.3710334,28.4287798],[-16.3709729,28.4288697],[-16.3709297,28.4289965],[-16.3708778,28.4291789],[-16.370787,28.4294273],[-16.3707827,28.4295401],[-16.3707337,28.4296794],[-16.3706429,28.4297808],[-16.3706055,28.4298543],[-16.3705925,28.4299139],[-16.3705882,28.4299861],[-16.3705723,28.4300368],[-16.3705161,28.4300735],[-16.3704081,28.430128],[-16.3703576,28.4301609],[-16.3703504,28.4302116],[-16.3703504,28.4303143],[-16.370362,28.4304106],[-16.3703288,28.4304765],[-16.3701833,28.4305943],[-16.3698219,28.4308758]]}},{"type":"Feature","id":"way/159104167","properties":{"highway":"track","source":"GRAFCAN OrtoExpress Urbana 2009","id":"way/159104167"},"geometry":{"type":"LineString","coordinates":[[-16.3623717,28.4269565],[-16.36223,28.4268664],[-16.3621524,28.4268338],[-16.3621118,28.4268214],[-16.3620642,28.4268214],[-16.3620412,28.4268276],[-16.3619813,28.4268586],[-16.3619142,28.4268726],[-16.3618172,28.4268726],[-16.3617237,28.426854],[-16.3615703,28.4267438],[-16.3614397,28.426612],[-16.3613692,28.426463],[-16.3613392,28.4264243],[-16.3612827,28.4263839],[-16.361221,28.4263188],[-16.3611028,28.4262474],[-16.3610675,28.4262148],[-16.3610058,28.4261791],[-16.3608488,28.4261155],[-16.3605877,28.4260504],[-16.3604818,28.4259961],[-16.360309,28.4259232],[-16.3602613,28.4259123],[-16.360152,28.4258658],[-16.3601061,28.4258518],[-16.3600338,28.4258549],[-16.3600126,28.4258627],[-16.3599967,28.4258782],[-16.3599156,28.4259852],[-16.3598856,28.4261016],[-16.3598362,28.4261481],[-16.3597939,28.4261621],[-16.3594199,28.4261636],[-16.3593511,28.4261512],[-16.3592894,28.4261155],[-16.3592135,28.426055],[-16.3589454,28.4258766],[-16.3588801,28.4258441],[-16.3587848,28.4258456],[-16.358709,28.4258565],[-16.3585149,28.4258565],[-16.3583738,28.4258177],[-16.3581723,28.4257981],[-16.3580618,28.4257814],[-16.3576488,28.4258148],[-16.3575088,28.4258472],[-16.3573119,28.4259431],[-16.3572225,28.4259631],[-16.357062,28.426099],[-16.3570226,28.4261722],[-16.3569483,28.4264374],[-16.3569226,28.4265959],[-16.356909,28.4266398],[-16.3568908,28.4266572],[-16.356865,28.4266625],[-16.3567772,28.4266225],[-16.3567029,28.4266119],[-16.3563651,28.4266372],[-16.3559198,28.4267264],[-16.3558183,28.4267291],[-16.3556668,28.4267105],[-16.3553047,28.4267171],[-16.3551027,28.4266828],[-16.3549215,28.4266311],[-16.3548092,28.4266244],[-16.3547352,28.4266446],[-16.3546765,28.4266872],[-16.3546433,28.4267232]]}},{"type":"Feature","id":"way/159104183","properties":{"highway":"track","source":"GRAFCAN OrtoExpress Urbana 2009","tracktype":"grade4","id":"way/159104183"},"geometry":{"type":"LineString","coordinates":[[-16.3928247,28.4357018],[-16.3926676,28.4354548],[-16.3925305,28.4353296],[-16.3923696,28.4352438],[-16.3923116,28.435144],[-16.392309,28.4349887],[-16.3925094,28.434722],[-16.3925226,28.4346454],[-16.3924929,28.4342717],[-16.3924332,28.4341733],[-16.3923884,28.4341372],[-16.3923474,28.434029],[-16.3923586,28.433865],[-16.392422,28.4337699],[-16.3924705,28.4337305],[-16.3927316,28.4337141],[-16.3929889,28.4337863],[-16.3937236,28.4339208],[-16.3937908,28.4339175],[-16.3938803,28.4338355],[-16.3939922,28.4336321],[-16.3940332,28.4334682],[-16.3942085,28.4331008],[-16.3942309,28.4329893],[-16.3942159,28.4329336],[-16.39416,28.4328909],[-16.3940369,28.4328745],[-16.3938765,28.4329565],[-16.393787,28.433032],[-16.3937274,28.4330418],[-16.3936751,28.4330156],[-16.393705,28.4328549],[-16.3937721,28.4327335],[-16.394104,28.4324875],[-16.3941936,28.4324023],[-16.3941973,28.4323465],[-16.3941488,28.4321924],[-16.3941451,28.4320316],[-16.3941674,28.4319759],[-16.3944322,28.4316578],[-16.3945441,28.4314577],[-16.3947977,28.4311264],[-16.3949059,28.4310608],[-16.3949693,28.4310641],[-16.39507,28.4311428],[-16.3951819,28.4317102],[-16.3953236,28.4318939],[-16.3953865,28.4319475]]}},{"type":"Feature","id":"way/159104188","properties":{"highway":"track","lit":"no","source":"GRAFCAN OrtoExpress Urbana 2009","surface":"dirt","id":"way/159104188"},"geometry":{"type":"LineString","coordinates":[[-16.3764006,28.4291999],[-16.3763594,28.4292803],[-16.3763651,28.4293807],[-16.3763579,28.4294382],[-16.3763407,28.4294774],[-16.376161,28.4295292],[-16.3760533,28.4295962],[-16.3758736,28.4297707],[-16.3758075,28.4297997],[-16.3757744,28.4298591],[-16.3757687,28.4299059],[-16.3757888,28.4299463],[-16.3758247,28.4300045],[-16.3759796,28.430168],[-16.3760305,28.430252],[-16.3760792,28.4303718],[-16.3761544,28.4304379],[-16.376189,28.4304504],[-16.3762215,28.4305005],[-16.3762215,28.4306596],[-16.3761219,28.43074],[-16.3759288,28.430799],[-16.3757317,28.4309187],[-16.375689,28.4310385],[-16.3756707,28.4311636],[-16.3756727,28.4312244],[-16.3757174,28.431396],[-16.3756931,28.4315211],[-16.3757032,28.4316158],[-16.3756809,28.4316408],[-16.3754669,28.4317425],[-16.3751153,28.4318641],[-16.3748084,28.4320321],[-16.374471,28.4322412],[-16.3741417,28.4324825],[-16.3739852,28.4325826],[-16.3739506,28.4327202],[-16.3740055,28.4329776],[-16.37416,28.4335102]]}},{"type":"Feature","id":"way/162455715","properties":{"highway":"path","lit":"no","source":"survey; interpolation","surface":"dirt","id":"way/162455715"},"geometry":{"type":"LineString","coordinates":[[-16.379534,28.419046],[-16.3797949,28.4192345],[-16.380118,28.4193885],[-16.3803943,28.4193783],[-16.3806668,28.4194707],[-16.3809432,28.4195905],[-16.3811534,28.4197857],[-16.3813337,28.4198496],[-16.3814865,28.4198785]]}},{"type":"Feature","id":"way/162455718","properties":{"highway":"track","sac_scale":"hiking","source":"GRAFCAN OrtoExpress Urbana 2009","surface":"dirt","trail_visibility":"intermediate","width":"2","id":"way/162455718"},"geometry":{"type":"LineString","coordinates":[[-16.3801222,28.4222127],[-16.3798299,28.4216152],[-16.3796439,28.4212205],[-16.3793739,28.4208997],[-16.3792412,28.4207073],[-16.379128,28.4205239],[-16.3790287,28.420421],[-16.3788735,28.420233],[-16.3786952,28.4201059],[-16.3785373,28.4200098],[-16.378336,28.4198363]]}},{"type":"Feature","id":"way/162455725","properties":{"highway":"track","lit":"no","source":"survey","tracktype":"grade4","id":"way/162455725"},"geometry":{"type":"LineString","coordinates":[[-16.3820125,28.4191112],[-16.381824,28.4191936],[-16.381678,28.419201],[-16.3815427,28.4191498],[-16.3813921,28.4190744]]}},{"type":"Feature","id":"way/162455734","properties":{"highway":"track","source":"survey; interpolation","surface":"dirt","tracktype":"grade4","id":"way/162455734"},"geometry":{"type":"LineString","coordinates":[[-16.3825235,28.4183848],[-16.382374,28.418308],[-16.3822649,28.4182097],[-16.3820983,28.4180211],[-16.3819718,28.4178149],[-16.3818966,28.4176239]]}},{"type":"Feature","id":"way/162455735","properties":{"foot":"designated","highway":"path","sac_scale":"hiking","source":"GRAFCAN OrtoExpress Urbana 2009","trail_visibility":"intermediate","width":"2","id":"way/162455735"},"geometry":{"type":"LineString","coordinates":[[-16.3799143,28.4234123],[-16.3798996,28.4232782],[-16.3799734,28.4231716]]}},{"type":"Feature","id":"way/162455736","properties":{"highway":"track","source":"GPS","tracktype":"grade3","id":"way/162455736"},"geometry":{"type":"LineString","coordinates":[[-16.3779042,28.4260533],[-16.377938,28.4260403],[-16.3780588,28.425994],[-16.3782397,28.4259018],[-16.3783354,28.4257801],[-16.3784418,28.4256892],[-16.3784857,28.425595],[-16.3784918,28.4255108]]}},{"type":"Feature","id":"way/162455737","properties":{"highway":"track","source":"GPS","width":"1","id":"way/162455737"},"geometry":{"type":"LineString","coordinates":[[-16.3784918,28.4255108],[-16.3785389,28.4253328],[-16.3786099,28.4250757],[-16.3786658,28.4249037],[-16.3787889,28.4246823],[-16.3789641,28.4243495],[-16.3790755,28.4240985],[-16.3791797,28.4238973]]}},{"type":"Feature","id":"way/162455738","properties":{"bicycle":"no","foot":"designated","highway":"path","horse":"no","motorcycle":"no","sac_scale":"hiking","source":"GPS","surface":"dirt","trail_visibility":"good","width":"1.5","id":"way/162455738"},"geometry":{"type":"LineString","coordinates":[[-16.3832559,28.4159281],[-16.3832939,28.4159899],[-16.383385,28.416243],[-16.383345,28.416309],[-16.38319,28.416447],[-16.383217,28.416552],[-16.3832,28.41658],[-16.383188,28.416737],[-16.383135,28.416811],[-16.38302,28.416924]]}},{"type":"Feature","id":"way/171401091","properties":{"highway":"residential","name":"Camino los Llanitos","id":"way/171401091"},"geometry":{"type":"LineString","coordinates":[[-16.3688738,28.429123],[-16.3685871,28.4292185],[-16.3675591,28.4293828],[-16.3672565,28.4294172],[-16.3662633,28.4295944]]}},{"type":"Feature","id":"way/180304889","properties":{"highway":"track","lit":"no","id":"way/180304889"},"geometry":{"type":"LineString","coordinates":[[-16.3712602,28.4275279],[-16.3711822,28.4276031],[-16.3711219,28.4277031],[-16.3710668,28.4279637],[-16.3710203,28.4280047],[-16.3708273,28.4280335],[-16.370779,28.4280683],[-16.3705292,28.4280986],[-16.3704155,28.428135],[-16.3703138,28.4281335],[-16.3700553,28.4280774],[-16.369728,28.4280319],[-16.3694781,28.4279531],[-16.3692076,28.427894],[-16.3690904,28.4278834]]}},{"type":"Feature","id":"way/184472832","properties":{"bicycle":"designated","highway":"track","mtb:scale":"1","name":"Pista la Rápida","source":"GPS","surface":"ground","tracktype":"grade3","id":"way/184472832"},"geometry":{"type":"LineString","coordinates":[[-16.3947721,28.416998],[-16.3947991,28.4168892],[-16.3952012,28.4164561],[-16.3955415,28.4162808],[-16.3959488,28.4159612],[-16.396021,28.415889],[-16.3962075,28.4158046],[-16.3963159,28.4155838],[-16.3962698,28.4154497],[-16.3960697,28.4148382],[-16.395873,28.4146709],[-16.395526,28.4145433],[-16.3948713,28.4143835],[-16.3942732,28.4142701],[-16.3940515,28.4141154],[-16.3938814,28.4139401],[-16.3938349,28.4135895],[-16.3938968,28.4134812],[-16.3940497,28.4133575],[-16.3942533,28.4132942],[-16.3946154,28.413244],[-16.3949869,28.4132549],[-16.3951984,28.4132961],[-16.3953215,28.4133477],[-16.3955724,28.4134606],[-16.395722,28.4135534],[-16.3958869,28.4135586],[-16.3960932,28.413507],[-16.3965727,28.413306],[-16.3967016,28.4132853],[-16.3968748,28.4133055],[-16.3969896,28.4132795],[-16.3970882,28.413141],[-16.3972326,28.4130121],[-16.3973203,28.4128522],[-16.3974491,28.4127491],[-16.3977069,28.4128007],[-16.3978049,28.4128832],[-16.3978513,28.4129708],[-16.3977069,28.4131513],[-16.397676,28.4133472],[-16.3977997,28.4135173],[-16.3985835,28.4138758],[-16.3989931,28.4140631]]}},{"type":"Feature","id":"way/184472833","properties":{"highway":"track","lit":"no","mtb:scale":"1","name":"Pista los Barriales","source":"GPS","tracktype":"grade2","id":"way/184472833"},"geometry":{"type":"LineString","coordinates":[[-16.3830346,28.4310328],[-16.3831536,28.4311158],[-16.3835633,28.4311696],[-16.3836845,28.4311617],[-16.3837811,28.4311242],[-16.3839787,28.4310946],[-16.3841718,28.4310946],[-16.3844254,28.4311499],[-16.3845873,28.4312111],[-16.3847512,28.4312921],[-16.3848,28.4313393],[-16.385167,28.4311722],[-16.3856681,28.4311187],[-16.3860718,28.4310262]]}},{"type":"Feature","id":"way/184472840","properties":{"highway":"track","lit":"no","source":"survey","tracktype":"grade3","id":"way/184472840"},"geometry":{"type":"LineString","coordinates":[[-16.3937473,28.4240303],[-16.3937974,28.4240296],[-16.393856,28.424088],[-16.3941734,28.4245063],[-16.3942213,28.424516],[-16.3942746,28.4245081],[-16.3950652,28.4238607],[-16.3957871,28.42374],[-16.3959433,28.4236324],[-16.3960142,28.4226544],[-16.3960906,28.4224538],[-16.3963391,28.4222435],[-16.3964346,28.4219664],[-16.3964251,28.4212974],[-16.396578,28.4210967],[-16.3969411,28.420896],[-16.3971801,28.4208005],[-16.3975566,28.4207154],[-16.3983398,28.4211872],[-16.3985329,28.4213193],[-16.3983612,28.421659],[-16.398254,28.4224893],[-16.3985222,28.422763],[-16.398776,28.4231896],[-16.3988247,28.4235501],[-16.3990724,28.4235472]]}},{"type":"Feature","id":"way/184472846","properties":{"highway":"track","source":"GRAFCAN OrtoExpress Urbana 2009; PNOA","source:date":"2005","tracktype":"grade3","id":"way/184472846"},"geometry":{"type":"LineString","coordinates":[[-16.3844254,28.4311499],[-16.384224,28.4312632],[-16.3835432,28.4319231],[-16.3833536,28.4319601],[-16.3831405,28.4319045],[-16.3830492,28.4317933],[-16.3830586,28.4316739],[-16.3830515,28.4315463],[-16.3830005,28.4315325],[-16.382853,28.4316293],[-16.3823753,28.4317693],[-16.3821997,28.4318435],[-16.381996,28.4318393],[-16.3817619,28.4317879],[-16.3815113,28.4317652],[-16.3812655,28.4317714],[-16.3810641,28.4317514],[-16.380962,28.4316435],[-16.38096,28.4314839],[-16.3808595,28.4313871],[-16.3807265,28.4313764],[-16.3805865,28.4314802],[-16.3804906,28.4314912],[-16.3803445,28.4314087],[-16.3802319,28.4312931],[-16.3801435,28.4311754],[-16.3799772,28.4310212],[-16.3798896,28.4309601],[-16.3798594,28.4309149],[-16.3796538,28.4307235],[-16.3795747,28.4305482]]}},{"type":"Feature","id":"way/184472847","properties":{"highway":"track","smoothness":"horrible","source":"PNOA","source:date":"2005","id":"way/184472847"},"geometry":{"type":"LineString","coordinates":[[-16.3906042,28.421554],[-16.3907392,28.4216107],[-16.391025,28.4217606],[-16.3912393,28.4218572],[-16.3915195,28.4219973],[-16.3916514,28.422123],[-16.3918602,28.4224033],[-16.392025,28.4225772],[-16.3922613,28.4227754],[-16.3924536,28.4229397],[-16.392569,28.4231136],[-16.3927339,28.423278],[-16.3928602,28.4233794],[-16.3929317,28.4234954],[-16.3929152,28.4236549],[-16.3929262,28.4237902],[-16.3929761,28.4238939],[-16.3930224,28.4239592],[-16.3931892,28.4239689],[-16.3933612,28.424052],[-16.3934961,28.4240866],[-16.3935594,28.4240471],[-16.3936553,28.4240267],[-16.3937473,28.4240303]]}},{"type":"Feature","id":"way/184472849","properties":{"highway":"path","sac_scale":"hiking","source":"PNOA; gps","source:date":"2005","trail_visibility":"good","id":"way/184472849"},"geometry":{"type":"LineString","coordinates":[[-16.3860718,28.4310262],[-16.3856348,28.4309662],[-16.3853889,28.4308941],[-16.3852524,28.430786],[-16.3850996,28.4303851],[-16.3850071,28.4302445],[-16.3849683,28.4299903]]}},{"type":"Feature","id":"way/187031448","properties":{"foot":"designated","highway":"track","source":"GPS","id":"way/187031448"},"geometry":{"type":"LineString","coordinates":[[-16.3782882,28.4263646],[-16.3780968,28.4265493],[-16.378013,28.4267028],[-16.3779289,28.42689]]}},{"type":"Feature","id":"way/187031450","properties":{"highway":"path","source":"GPS","width":"1","id":"way/187031450"},"geometry":{"type":"LineString","coordinates":[[-16.3779289,28.42689],[-16.378022,28.426937],[-16.378092,28.4269081],[-16.3781533,28.426937],[-16.3780614,28.4270525],[-16.3779213,28.4270871],[-16.3778665,28.4271505]]}},{"type":"Feature","id":"way/187031451","properties":{"highway":"track","source":"GPS","id":"way/187031451"},"geometry":{"type":"LineString","coordinates":[[-16.376937,28.42759],[-16.3770896,28.4275123],[-16.3773116,28.4274608],[-16.3774079,28.4273871],[-16.3774542,28.4273118],[-16.377546,28.4271625],[-16.3776884,28.4270189],[-16.3778243,28.4269479],[-16.3779289,28.42689]]}},{"type":"Feature","id":"way/189381681","properties":{"highway":"track","source":"GPS;GRAFCAN OrtoExpress Urbana 2009","surface":"gravel","tracktype":"grade2","id":"way/189381681"},"geometry":{"type":"LineString","coordinates":[[-16.3853632,28.4105424],[-16.385283,28.411045],[-16.3851451,28.4111092],[-16.38493,28.4112],[-16.38471,28.41135],[-16.3846281,28.4115139],[-16.38458,28.41161],[-16.38476,28.41193],[-16.38471,28.41213],[-16.38439,28.41266],[-16.3842319,28.4129947]]}},{"type":"Feature","id":"way/202563250","properties":{"bicycle":"yes","foot":"yes","highway":"track","sidewalk":"no","surface":"dirt","id":"way/202563250"},"geometry":{"type":"LineString","coordinates":[[-16.3944536,28.4164046],[-16.394725,28.4162781],[-16.3949503,28.4161554],[-16.3952829,28.4160045],[-16.3955082,28.4158912],[-16.3957121,28.4157214],[-16.3958194,28.4155232],[-16.395873,28.415325],[-16.3958301,28.4151552],[-16.3957657,28.4149759],[-16.3956584,28.4148721]]}},{"type":"Feature","id":"way/202633531","properties":{"highway":"secondary","lanes":"2","lit":"no","name":"Calle Preventorio","oneway":"no","ref":"TF-274","source":"GRAFCAN OrtoExpress Urbana 2009","surface":"asphalt","id":"way/202633531"},"geometry":{"type":"LineString","coordinates":[[-16.373557,28.4331395],[-16.3735503,28.4330467],[-16.3735637,28.4329777],[-16.3735818,28.4329264],[-16.3736474,28.4327911],[-16.3739964,28.4322429],[-16.3740939,28.4320671],[-16.3741869,28.4318781],[-16.3742632,28.4316833],[-16.3744027,28.4313136],[-16.3744431,28.431192],[-16.3744596,28.4311102],[-16.374459,28.4310435],[-16.3743858,28.4303353],[-16.3743562,28.4301646],[-16.3743221,28.4300779],[-16.3742879,28.430023],[-16.3742322,28.4299541],[-16.3736394,28.4292922],[-16.3729605,28.4285341],[-16.3725801,28.4281021],[-16.3725288,28.4280598],[-16.3724645,28.4280303],[-16.3723687,28.4280146],[-16.3718669,28.4280106],[-16.3717835,28.4280012],[-16.3717208,28.4279803],[-16.3716657,28.4279507],[-16.3715968,28.4278962],[-16.3714945,28.4277787],[-16.3713222,28.4275807]]}},{"type":"Feature","id":"way/205255956","properties":{"foot":"designated","highway":"path","ref":"SL-TF 303","id":"way/205255956"},"geometry":{"type":"LineString","coordinates":[[-16.3667075,28.4245797],[-16.3666197,28.424618],[-16.3664778,28.4246516],[-16.3664079,28.424698],[-16.3663801,28.4247556],[-16.3663634,28.4248218],[-16.3663634,28.4249308],[-16.3663634,28.4249663],[-16.3663717,28.4251881],[-16.3663843,28.4253314],[-16.3664177,28.4254576],[-16.3664372,28.4255421],[-16.3664022,28.4255842]]}},{"type":"Feature","id":"way/205320041","properties":{"highway":"unclassified","name":"Camino los Panascos Bajos","source":"GRAFCAN OrtoExpress Urbana 2009","surface":"asphalt","id":"way/205320041"},"geometry":{"type":"LineString","coordinates":[[-16.3664022,28.4255842],[-16.3662074,28.4253831],[-16.3659767,28.4252234],[-16.3658699,28.4251655],[-16.3658014,28.4251132],[-16.3657919,28.4250338],[-16.3658255,28.4249729],[-16.3658558,28.4249114],[-16.3658086,28.4248437],[-16.3656917,28.4247822],[-16.3655866,28.4247269],[-16.3654033,28.4246745],[-16.3653038,28.4246461],[-16.365079,28.4245128],[-16.364968,28.424447],[-16.3649411,28.4244112],[-16.364925,28.4243745],[-16.3649273,28.4243099]]}},{"type":"Feature","id":"way/205320043","properties":{"disused:highway":"track","foot":"designated","highway":"path","name":"Camino de Los Panascos","ref":"SL-TF 303","source":"PNOA","source:date":"2005","id":"way/205320043"},"geometry":{"type":"LineString","coordinates":[[-16.3544921,28.4240449],[-16.35451,28.4240198],[-16.3545415,28.4239053],[-16.3545145,28.4237025],[-16.354519,28.4236393],[-16.3545504,28.423588],[-16.3546328,28.42353],[-16.3548798,28.4234602],[-16.355022,28.4234774],[-16.3551298,28.4235353],[-16.3553993,28.4237117],[-16.3555056,28.4237631],[-16.3559338,28.4238289],[-16.3560386,28.4238592],[-16.356338,28.4240014],[-16.3566225,28.4240251],[-16.3573052,28.4239566],[-16.3579565,28.4239066],[-16.358187,28.423879],[-16.3584715,28.4238144],[-16.3586496,28.4238079],[-16.3588173,28.4238513],[-16.3588922,28.4238526],[-16.35928,28.4238105],[-16.3593653,28.4237473],[-16.359503,28.4237341],[-16.3596527,28.4237407],[-16.3597605,28.4237328],[-16.3599986,28.4236459],[-16.3601154,28.4236275],[-16.3605376,28.4236459],[-16.360849,28.4236011],[-16.361352,28.4236288],[-16.3617282,28.4236739],[-16.3620826,28.4236406],[-16.3623252,28.4235748],[-16.3623686,28.4235195],[-16.3623611,28.4234049],[-16.3623731,28.423347],[-16.3623865,28.4233194],[-16.3624479,28.4232904],[-16.3624839,28.4232904],[-16.3628249,28.4234267]]}},{"type":"Feature","id":"way/220103144","properties":{"highway":"path","id":"way/220103144"},"geometry":{"type":"LineString","coordinates":[[-16.3783037,28.4261016],[-16.3782233,28.4260652],[-16.3780435,28.4260699],[-16.3780113,28.4260707],[-16.377938,28.4260403],[-16.3778778,28.4259299],[-16.3778283,28.425875],[-16.377743,28.4259695],[-16.3776605,28.4260352],[-16.3776185,28.4260185],[-16.3776078,28.4259666],[-16.3775589,28.4259359],[-16.3774857,28.4258668],[-16.37743,28.4257163],[-16.377414,28.4256078],[-16.3774179,28.4254447],[-16.3774706,28.4252578],[-16.3777151,28.4247731],[-16.3776549,28.42467],[-16.3778059,28.4246348],[-16.3778614,28.4244454],[-16.3779169,28.4244005],[-16.3780035,28.4243536],[-16.3780682,28.424236]]}},{"type":"Feature","id":"way/222226891","properties":{"highway":"path","name":"Camino Marabedí","sac_scale":"hiking","source":"GPS","trail_visibility":"good","width":"2","id":"way/222226891"},"geometry":{"type":"LineString","coordinates":[[-16.3680774,28.419699],[-16.3682362,28.4199016],[-16.3683041,28.4199727],[-16.3688852,28.4205533],[-16.3690211,28.4206932]]}},{"type":"Feature","id":"way/222226894","properties":{"highway":"path","name":"Camino Marabedí","sac_scale":"hiking","source":"GPS","trail_visibility":"good","width":"2","id":"way/222226894"},"geometry":{"type":"LineString","coordinates":[[-16.37017,28.4217857],[-16.3702813,28.4218708],[-16.370364,28.4219167],[-16.3704836,28.4220174],[-16.37059,28.42219],[-16.37079,28.42232],[-16.37089,28.42249],[-16.3712399,28.4227283]]}},{"type":"Feature","id":"way/222226903","properties":{"cycleway:both":"no","highway":"primary","lanes":"2","lit":"no","name":"Carretera de La Esperanza","old_ref":"C-824","oneway":"no","ref":"TF-24","source":"PNOA","source:date":"20101113","surface":"asphalt","wikidata":"Q6137517","wikipedia":"es:TF-24","id":"way/222226903"},"geometry":{"type":"LineString","coordinates":[[-16.3777051,28.4264404],[-16.3775418,28.4268448],[-16.377435,28.4271107],[-16.377415,28.4271495],[-16.3773916,28.4271949],[-16.3773244,28.4272824],[-16.3772374,28.427324],[-16.3771214,28.4273611],[-16.3764222,28.4274522],[-16.3762599,28.4275296],[-16.3761753,28.4276477],[-16.3761432,28.4278273],[-16.3763251,28.4288253],[-16.3763358,28.4288785],[-16.3764006,28.4291999],[-16.3764269,28.4294293],[-16.376394,28.4295272],[-16.3761678,28.4297738],[-16.376143,28.4298547],[-16.3761363,28.4299393],[-16.3762272,28.4301162],[-16.376513,28.4304609],[-16.376526,28.4305631],[-16.3764912,28.4306661],[-16.376272,28.4309268],[-16.3762702,28.4310736],[-16.3763111,28.4311947],[-16.3764141,28.4313924],[-16.3764389,28.431458],[-16.3764366,28.4315506],[-16.3763747,28.4317377],[-16.3762748,28.4318911],[-16.3761902,28.4319895],[-16.3760857,28.4320661],[-16.3758395,28.4321761],[-16.375174,28.4325186],[-16.37477,28.4327857],[-16.3747003,28.4328404],[-16.3745292,28.4330098],[-16.3743247,28.4332855],[-16.37416,28.4335102],[-16.3740786,28.4336173],[-16.374029,28.4337209],[-16.37401,28.4338437],[-16.3740245,28.4339926],[-16.374065,28.4341537],[-16.3740702,28.4341782],[-16.3741107,28.4342601],[-16.3742883,28.4345184],[-16.3746851,28.4350462],[-16.3747801,28.4355783],[-16.3748264,28.4358069],[-16.374825,28.4359056],[-16.3748083,28.4359922],[-16.3747883,28.4360219],[-16.3747081,28.4360985],[-16.3741102,28.4365376],[-16.3740231,28.4366303],[-16.373975,28.4367109],[-16.3739642,28.4368104],[-16.373976,28.4370621],[-16.3739914,28.4373017],[-16.3740117,28.4373736],[-16.3740529,28.4374421],[-16.3741468,28.4375187],[-16.3745497,28.4376709],[-16.3746234,28.4377564],[-16.3746478,28.4378046],[-16.3746531,28.437843],[-16.3746508,28.4379417],[-16.3746027,28.4380465],[-16.37455,28.4380908],[-16.3744735,28.4381232],[-16.3737771,28.4382374],[-16.3736388,28.4382663],[-16.3735405,28.4383064],[-16.3734408,28.438371],[-16.3733686,28.4384674],[-16.3733473,28.4385602],[-16.3733427,28.4386589],[-16.373401,28.4388409],[-16.373602,28.4392804],[-16.3736057,28.4394032],[-16.3735907,28.4394982],[-16.3735438,28.4395797],[-16.3734609,28.4396536],[-16.373353,28.4397013]]}},{"type":"Feature","id":"way/222226923","properties":{"highway":"primary","lanes":"1","lit":"no","name":"Carretera de La Esperanza","old_ref":"C-824","oneway":"yes","ref":"TF-24","source":"GRAFCAN OrtoExpress Urbana 2011","surface":"asphalt","wikidata":"Q6137517","wikipedia":"es:TF-24","id":"way/222226923"},"geometry":{"type":"LineString","coordinates":[[-16.3783037,28.4261016],[-16.3781401,28.4261015],[-16.3780224,28.4261249],[-16.3778914,28.426163],[-16.3778114,28.4262011],[-16.3777604,28.4262597],[-16.3777359,28.4263115],[-16.3777051,28.4264404]]}},{"type":"Feature","id":"way/222226936","properties":{"highway":"secondary","lit":"no","oneway":"no","ref":"TF-276","source":"GRAFCAN OrtoExpress Urbana 2009","surface":"asphalt","id":"way/222226936"},"geometry":{"type":"LineString","coordinates":[[-16.3778283,28.425875],[-16.3779066,28.4250615],[-16.3779683,28.4248628],[-16.3783306,28.4242452],[-16.3784109,28.424173],[-16.3785379,28.4241105],[-16.3791797,28.4238973],[-16.3793654,28.4237879],[-16.3795987,28.4236458],[-16.3796736,28.4235904],[-16.3799143,28.4234123]]}},{"type":"Feature","id":"way/222226939","properties":{"highway":"secondary","lanes":"1","lit":"no","oneway":"yes","ref":"TF-276","source":"GRAFCAN OrtoExpress Urbana 2009","surface":"asphalt","id":"way/222226939"},"geometry":{"type":"LineString","coordinates":[[-16.3778283,28.425875],[-16.3777981,28.4260742],[-16.377767,28.4261913],[-16.3777604,28.4262597]]}},{"type":"Feature","id":"way/222226941","properties":{"destination:ref":"TF-24","highway":"secondary_link","lanes":"1","oneway":"yes","source":"GRAFCAN OrtoExpress Urbana 2009","surface":"asphalt","id":"way/222226941"},"geometry":{"type":"LineString","coordinates":[[-16.3777981,28.4260742],[-16.3778307,28.4261329],[-16.3778914,28.426163],[-16.3779783,28.4261743],[-16.3780567,28.4261758]]}},{"type":"Feature","id":"way/222226960","properties":{"highway":"path","sac_scale":"hiking","source":"GPS","surface":"dirt","trail_visibility":"good","width":"2","id":"way/222226960"},"geometry":{"type":"LineString","coordinates":[[-16.3712399,28.4227283],[-16.3713558,28.4228732],[-16.3714698,28.4230537],[-16.371561,28.4231597],[-16.3717499,28.4232714],[-16.3719486,28.4233544],[-16.3721863,28.4234031],[-16.3724176,28.4234404],[-16.3726423,28.4234776],[-16.3728019,28.4235062],[-16.3729418,28.4234591]]}},{"type":"Feature","id":"way/222226963","properties":{"access":"private","highway":"track","id":"way/222226963"},"geometry":{"type":"LineString","coordinates":[[-16.3687198,28.4194662],[-16.3686539,28.4194179],[-16.3686062,28.4193937],[-16.3685531,28.4193808],[-16.3685109,28.4193872],[-16.3685237,28.4194292],[-16.3686117,28.4196113],[-16.3686795,28.4196935],[-16.368682,28.419743],[-16.3686282,28.4198273],[-16.3685604,28.4198482],[-16.3684669,28.419824],[-16.3682617,28.4197628],[-16.3681187,28.4196967],[-16.3680774,28.419699]]}},{"type":"Feature","id":"way/222226968","properties":{"bicycle":"designated","highway":"track","source":"GPS","surface":"dirt","tracktype":"grade3","id":"way/222226968"},"geometry":{"type":"LineString","coordinates":[[-16.3712399,28.4227283],[-16.371307,28.4227243],[-16.3716294,28.4228532],[-16.3718509,28.4229334],[-16.3720919,28.422942],[-16.3722743,28.4228961],[-16.3724091,28.4228178],[-16.372657,28.4225134],[-16.37304,28.42227],[-16.3732825,28.4222016],[-16.3735042,28.4222619],[-16.3737934,28.4222776],[-16.373884,28.4221983],[-16.3738619,28.4220409],[-16.37398,28.4218857],[-16.3741294,28.4217277],[-16.37429,28.4216255],[-16.3745748,28.4215467],[-16.3746221,28.4214713],[-16.3746147,28.4212084],[-16.3747624,28.4209867],[-16.3748251,28.4209031]]}},{"type":"Feature","id":"way/222226975","properties":{"highway":"path","sac_scale":"hiking","source":"GPS","surface":"dirt","trail_visibility":"intermediate","width":"1","id":"way/222226975"},"geometry":{"type":"LineString","coordinates":[[-16.3729418,28.4234591],[-16.373141,28.4233725],[-16.3732941,28.4233266],[-16.3735677,28.4233524],[-16.373825,28.4234526],[-16.3740204,28.4235214],[-16.3741474,28.42355],[-16.3743944,28.4235943],[-16.3747647,28.4236125]]}},{"type":"Feature","id":"way/223038982","properties":{"foot":"designated","highway":"path","surface":"dirt","id":"way/223038982"},"geometry":{"type":"LineString","coordinates":[[-16.3730676,28.4267363],[-16.3728789,28.4266381],[-16.3728525,28.4266037],[-16.3727881,28.4265423],[-16.3727559,28.4264857],[-16.3726594,28.4265188],[-16.3725038,28.4265423],[-16.3723429,28.4265565],[-16.3720854,28.4264197],[-16.3720424,28.4262782],[-16.3720103,28.4262168],[-16.3718869,28.4261272],[-16.3718279,28.4260611],[-16.371788,28.4260004]]}},{"type":"Feature","id":"way/223039576","properties":{"highway":"path","surface":"dirt","id":"way/223039576"},"geometry":{"type":"LineString","coordinates":[[-16.3780264,28.4199249],[-16.3779811,28.419858],[-16.3779326,28.4197771],[-16.3778575,28.4197063],[-16.377777,28.4196025],[-16.3777019,28.4194893],[-16.3775839,28.4194279],[-16.37738,28.4193336],[-16.3771708,28.4192251],[-16.3770582,28.4191637],[-16.3769563,28.419093],[-16.3767953,28.4190175],[-16.3766773,28.4189703],[-16.3765542,28.4189238],[-16.3764037,28.4188854],[-16.376275,28.4188146],[-16.3760872,28.418758],[-16.3759853,28.4187202],[-16.3758054,28.4185948],[-16.3757197,28.4186057]]}},{"type":"Feature","id":"way/223039667","properties":{"highway":"path","lit":"no","surface":"dirt","id":"way/223039667"},"geometry":{"type":"LineString","coordinates":[[-16.3863722,28.4196048],[-16.3862313,28.4195742],[-16.3860543,28.4195515],[-16.3859417,28.4195742],[-16.3858183,28.419627],[-16.3856627,28.4196591],[-16.3853194,28.4196497],[-16.3850833,28.4196214],[-16.3850082,28.4195836],[-16.3848044,28.4196119],[-16.3846006,28.4196025],[-16.3844343,28.4194761],[-16.3842036,28.4194232],[-16.383989,28.4193477],[-16.3838656,28.4193345],[-16.3836564,28.4193666],[-16.3831736,28.4192817],[-16.3827659,28.4192722],[-16.3826479,28.4192156],[-16.3824977,28.4192722],[-16.3823368,28.4193949],[-16.382208,28.4195364],[-16.38209,28.4195836],[-16.3819934,28.419678],[-16.3818969,28.419829],[-16.381703,28.4198804],[-16.3814865,28.4198785]]}},{"type":"Feature","id":"way/223042509","properties":{"highway":"path","id":"way/223042509"},"geometry":{"type":"LineString","coordinates":[[-16.3905448,28.421613],[-16.3904589,28.4215234],[-16.3902175,28.4214007],[-16.3899976,28.4213111],[-16.3898689,28.4212875],[-16.3897079,28.421278],[-16.3894665,28.4211837],[-16.3893462,28.4211913],[-16.3892144,28.4211884],[-16.3890642,28.4211978],[-16.3889408,28.4212214],[-16.3887155,28.4212969],[-16.3883078,28.4213724],[-16.3879591,28.4215187],[-16.387884,28.4215941],[-16.3877606,28.4215941],[-16.3875997,28.4216224],[-16.38753,28.4216508],[-16.3874656,28.4217168],[-16.3873905,28.4217734],[-16.3871327,28.4219482],[-16.3871062,28.4220046],[-16.387074,28.4217687],[-16.386866,28.4217791]]}},{"type":"Feature","id":"way/223376123","properties":{"highway":"track","name":"Camino Marabedí","sac_scale":"hiking","source":"GPS","width":"2","id":"way/223376123"},"geometry":{"type":"LineString","coordinates":[[-16.36967,28.4211457],[-16.369922,28.4214367],[-16.3699953,28.4214834],[-16.37017,28.4217857]]}},{"type":"Feature","id":"way/223376142","properties":{"highway":"track","source":"GRAFCAN OrtoExpress Urbana 2011","id":"way/223376142"},"geometry":{"type":"LineString","coordinates":[[-16.3638018,28.4281804],[-16.3636716,28.4281668],[-16.3634694,28.4280922],[-16.3632854,28.4280494],[-16.3631897,28.4280414],[-16.3631031,28.4280668],[-16.3630363,28.4280684],[-16.3628955,28.428024],[-16.3627981,28.4280097],[-16.3627439,28.4280256]]}},{"type":"Feature","id":"way/223376144","properties":{"highway":"track","source":"GRAFCAN OrtoExpress Urbana 2011","id":"way/223376144"},"geometry":{"type":"LineString","coordinates":[[-16.3668012,28.4283066],[-16.3667334,28.4283053],[-16.3665745,28.4282609],[-16.3662713,28.4282259],[-16.3659609,28.4282037],[-16.3658526,28.4281879],[-16.3655567,28.4280704],[-16.3654123,28.4279752],[-16.3650513,28.4276673],[-16.3650044,28.4276514],[-16.364925,28.4276895],[-16.3648709,28.4277562],[-16.3648239,28.4279561]]}},{"type":"Feature","id":"way/223376145","properties":{"highway":"unclassified","name":"Camino de Sauceo","id":"way/223376145"},"geometry":{"type":"LineString","coordinates":[[-16.3623717,28.4269565],[-16.3625228,28.4270526],[-16.3628845,28.427203],[-16.3631138,28.4273411],[-16.363239,28.4274528],[-16.363523,28.4277879],[-16.3638018,28.4281804],[-16.3640893,28.4283076],[-16.3641687,28.4283355],[-16.3646802,28.4286597],[-16.3650066,28.4288335],[-16.3653135,28.4290026],[-16.3654423,28.4290553],[-16.3657141,28.4291927],[-16.3661804,28.429378]]}},{"type":"Feature","id":"way/223376147","properties":{"highway":"path","sac_scale":"hiking","source":"GPS","trail_visibility":"good","width":"1","id":"way/223376147"},"geometry":{"type":"LineString","coordinates":[[-16.36968,28.4205929],[-16.3699123,28.4206079]]}},{"type":"Feature","id":"way/223376153","properties":{"highway":"service","id":"way/223376153"},"geometry":{"type":"LineString","coordinates":[[-16.3641687,28.4283355],[-16.3642514,28.4280756],[-16.3643765,28.4277726],[-16.364476,28.4275908],[-16.3645322,28.4275594]]}},{"type":"Feature","id":"way/223376154","properties":{"highway":"track","source":"survey","tracktype":"grade2","id":"way/223376154"},"geometry":{"type":"LineString","coordinates":[[-16.36968,28.4205929],[-16.3697579,28.420641],[-16.3698154,28.4207037],[-16.3698035,28.420838],[-16.369742,28.421021],[-16.36967,28.4211457]]}},{"type":"Feature","id":"way/233391903","properties":{"highway":"unclassified","id":"way/233391903"},"geometry":{"type":"LineString","coordinates":[[-16.3639191,28.418638],[-16.3638431,28.418586],[-16.3637141,28.4184922],[-16.3635033,28.4182856],[-16.3633169,28.418157],[-16.3629537,28.4178123],[-16.3628448,28.4177466],[-16.3626337,28.4176701],[-16.3626057,28.4176431],[-16.3625935,28.4176123],[-16.3625862,28.4175143],[-16.3625971,28.4174227],[-16.3626146,28.4173783],[-16.3627067,28.4172845],[-16.3627104,28.4172588],[-16.3626939,28.417225],[-16.3623012,28.416939],[-16.3621605,28.4168201],[-16.3618809,28.416661],[-16.3614973,28.4164875],[-16.361088,28.4162208],[-16.3608944,28.416036]]}},{"type":"Feature","id":"way/233391904","properties":{"highway":"residential","id":"way/233391904"},"geometry":{"type":"LineString","coordinates":[[-16.3636765,28.4159296],[-16.3632311,28.4162252]]}},{"type":"Feature","id":"way/233391905","properties":{"highway":"service","id":"way/233391905"},"geometry":{"type":"LineString","coordinates":[[-16.3648132,28.4174564],[-16.3641354,28.4179128],[-16.3640819,28.4179334]]}},{"type":"Feature","id":"way/237529796","properties":{"highway":"path","id":"way/237529796"},"geometry":{"type":"LineString","coordinates":[[-16.3777625,28.4287549],[-16.3777586,28.4284925],[-16.3778067,28.4283033],[-16.3779181,28.4280073],[-16.377931,28.427774]]}},{"type":"Feature","id":"way/237529798","properties":{"highway":"path","id":"way/237529798"},"geometry":{"type":"LineString","coordinates":[[-16.3778067,28.4283033],[-16.3778928,28.4283879],[-16.3780624,28.428468],[-16.3782446,28.4284725],[-16.3784952,28.4284636],[-16.3785914,28.4284792],[-16.3786977,28.4285103]]}},{"type":"Feature","id":"way/242081753","properties":{"highway":"residential","id":"way/242081753"},"geometry":{"type":"LineString","coordinates":[[-16.3681082,28.4333494],[-16.3678965,28.433224],[-16.3677918,28.4331436],[-16.3677517,28.433077],[-16.3676091,28.4327419],[-16.3675355,28.4326694],[-16.3674041,28.4326204],[-16.3672169,28.4325969],[-16.3670186,28.4325989],[-16.366376,28.4324872]]}},{"type":"Feature","id":"way/246319937","properties":{"highway":"footway","id":"way/246319937"},"geometry":{"type":"LineString","coordinates":[[-16.3800844,28.4238589],[-16.3800176,28.4237342],[-16.3799604,28.4236072],[-16.3799345,28.423521],[-16.3799143,28.4234123]]}},{"type":"Feature","id":"way/309079589","properties":{"highway":"path","sac_scale":"hiking","source":"GRAFCAN OrtoExpress Urbana 2009","surface":"dirt","trail_visibility":"intermediate","width":"2","id":"way/309079589"},"geometry":{"type":"LineString","coordinates":[[-16.3799734,28.4231716],[-16.3801298,28.4229965],[-16.3800046,28.4227195],[-16.3800552,28.4224143],[-16.3800652,28.4223204],[-16.3801222,28.4222127]]}},{"type":"Feature","id":"way/309079590","properties":{"foot":"designated","highway":"path","sac_scale":"hiking","source":"GPS, GRAFCAN OrtoExpress Urbana 2009","trail_visibility":"intermediate","width":"2","id":"way/309079590"},"geometry":{"type":"LineString","coordinates":[[-16.3780682,28.424236],[-16.3784343,28.4239206],[-16.3787727,28.4237796],[-16.3790898,28.4235928],[-16.3794176,28.4234976],[-16.3796573,28.4232897],[-16.3797383,28.4231593],[-16.3798059,28.4231361],[-16.3799734,28.4231716]]}},{"type":"Feature","id":"way/312081292","properties":{"highway":"path","lit":"no","sac_scale":"hiking","source":"GPS","trail_visibility":"bad","id":"way/312081292"},"geometry":{"type":"LineString","coordinates":[[-16.3859608,28.4262854],[-16.3861366,28.4259594],[-16.3865624,28.4257804],[-16.3870561,28.4257434],[-16.3875251,28.4258544],[-16.3878584,28.4258359],[-16.3881484,28.4258174],[-16.388673,28.4258359],[-16.3892346,28.4259347],[-16.3895896,28.4260968],[-16.3897793,28.4262411],[-16.3900831,28.4262596]]}},{"type":"Feature","id":"way/316971781","properties":{"highway":"path","source":"GPS","id":"way/316971781"},"geometry":{"type":"LineString","coordinates":[[-16.3799036,28.4259805],[-16.3800814,28.4259378],[-16.3802246,28.4259433],[-16.3803986,28.4260303],[-16.3805291,28.426101],[-16.3806016,28.4260865],[-16.3806361,28.4260357],[-16.3806325,28.4259614],[-16.3806252,28.4259143],[-16.3806397,28.4258889],[-16.3807104,28.4258363],[-16.3808119,28.425791],[-16.3808862,28.4258436],[-16.3809596,28.4258848]]}},{"type":"Feature","id":"way/316971783","properties":{"highway":"path","sac_scale":"mountain_hiking","source":"GPS","id":"way/316971783"},"geometry":{"type":"LineString","coordinates":[[-16.3940558,28.4248119],[-16.3940804,28.4248963],[-16.3941325,28.4249551],[-16.394198,28.425024],[-16.39425,28.4250357],[-16.3943424,28.425034],[-16.3944348,28.4250491],[-16.3944919,28.4251533],[-16.3945943,28.4253414],[-16.3946179,28.4253901],[-16.394685,28.425464],[-16.3947976,28.4255748],[-16.3948312,28.425689],[-16.3948251,28.4257683]]}},{"type":"Feature","id":"way/316971787","properties":{"highway":"path","source":"GPS","id":"way/316971787"},"geometry":{"type":"LineString","coordinates":[[-16.3781533,28.426937],[-16.3784526,28.426667],[-16.3787551,28.4264107],[-16.3789243,28.4263491],[-16.3789962,28.4262316]]}},{"type":"Feature","id":"way/352786993","properties":{"bicycle":"designated","highway":"track","name":"TR 25.1","source":"GPS","surface":"dirt","tracktype":"grade3","id":"way/352786993"},"geometry":{"type":"LineString","coordinates":[[-16.371788,28.4260004],[-16.3718638,28.4259129],[-16.3718787,28.4257125],[-16.371864,28.4254591],[-16.3718662,28.4250558],[-16.3718012,28.4245756],[-16.3718351,28.4241424],[-16.3718759,28.4240474],[-16.3719697,28.4240038],[-16.3722673,28.4239804],[-16.3725489,28.4239384],[-16.3725843,28.4238745],[-16.3725418,28.4238138],[-16.3724356,28.4237437],[-16.3719877,28.4235721],[-16.3716783,28.4234003],[-16.3713265,28.4231052]]}},{"type":"Feature","id":"way/367900861","properties":{"bicycle":"designated","highway":"track","name":"Pista las Leñas","source":"GPS","surface":"ground","tracktype":"grade3","id":"way/367900861"},"geometry":{"type":"LineString","coordinates":[[-16.38265,28.416275],[-16.382737,28.416338],[-16.382802,28.416708],[-16.38302,28.416924],[-16.383129,28.417046],[-16.383162,28.417145],[-16.383092,28.417404],[-16.383142,28.417524],[-16.38335,28.41751],[-16.383515,28.417267],[-16.383642,28.417284],[-16.383809,28.417583],[-16.38396,28.417735],[-16.383966,28.417965],[-16.384047,28.418083],[-16.384133,28.418431],[-16.384199,28.418484],[-16.384541,28.41817],[-16.384699,28.418121],[-16.384897,28.418722],[-16.385008,28.418851],[-16.385137,28.41888],[-16.385326,28.418642],[-16.385499,28.418558],[-16.385735,28.418571],[-16.385852,28.4186],[-16.385947,28.418845],[-16.3860919,28.4189541],[-16.3862564,28.4189642]]}},{"type":"Feature","id":"way/367900862","properties":{"highway":"track","name":"Pista las Leñas","source":"GPS","surface":"ground","tracktype":"grade3","vehicle":"yes","id":"way/367900862"},"geometry":{"type":"LineString","coordinates":[[-16.3817831,28.417365],[-16.3817658,28.4168903],[-16.3817976,28.4167096],[-16.381903,28.416595],[-16.382457,28.416263],[-16.38265,28.416275]]}},{"type":"Feature","id":"way/367900864","properties":{"highway":"track","incline":"6","motor_vehicle":"yes","mtb:scale":"1","name":"Pista el Fayal","source":"survey","surface":"dirt","tracktype":"grade2","id":"way/367900864"},"geometry":{"type":"LineString","coordinates":[[-16.390153,28.4037305],[-16.39021,28.4038392],[-16.390207,28.404228],[-16.390597,28.4044918],[-16.3907833,28.4046737],[-16.3908168,28.4048037],[-16.390659,28.404858],[-16.390439,28.405055],[-16.390358,28.405161],[-16.390342,28.405285],[-16.390812,28.405927],[-16.390824,28.406117],[-16.390756,28.406391],[-16.390793,28.406553],[-16.390859,28.406624],[-16.391009,28.406677],[-16.391075,28.406789],[-16.390781,28.407229],[-16.390963,28.407528],[-16.390978,28.40786],[-16.390344,28.408284],[-16.390047,28.408568],[-16.390045,28.408755],[-16.39013,28.409052],[-16.390057,28.409343],[-16.390081,28.409455],[-16.390269,28.409604],[-16.390296,28.409686],[-16.390227,28.410087],[-16.390259,28.410207],[-16.390431,28.410282],[-16.390808,28.41027],[-16.3908711,28.4103492],[-16.39091,28.410398],[-16.390816,28.410649],[-16.39065,28.410857],[-16.390619,28.411042],[-16.390657,28.411107],[-16.3907494,28.4111243],[-16.390785,28.411131],[-16.390854,28.411085],[-16.390868,28.410895],[-16.390955,28.410742],[-16.391241,28.410436],[-16.391405,28.410334],[-16.3913901,28.4102408],[-16.391382,28.41019],[-16.391004,28.40999],[-16.390953,28.409385],[-16.39103,28.409156],[-16.39133,28.408871],[-16.391599,28.408723],[-16.391884,28.408642],[-16.392068,28.408525],[-16.392283,28.408285],[-16.392414,28.408008],[-16.392698,28.407822],[-16.392797,28.40766],[-16.392913,28.407083],[-16.393212,28.406805],[-16.393551,28.406621],[-16.393569,28.406365],[-16.393522,28.406076],[-16.393756,28.405933],[-16.394065,28.405872],[-16.3941947,28.4058147],[-16.3942389,28.4057143],[-16.3940658,28.4054749],[-16.394039,28.4053035],[-16.394094,28.405222],[-16.394204,28.405177],[-16.394708,28.405162],[-16.395445,28.405268],[-16.3956892,28.4052008],[-16.395686,28.405066],[-16.395488,28.404858],[-16.395334,28.404581],[-16.395382,28.404474],[-16.3956285,28.4043189],[-16.395807,28.404259],[-16.396026,28.404224],[-16.396936,28.404424],[-16.3969416,28.404557],[-16.3968597,28.4047046]]}},{"type":"Feature","id":"way/367900866","properties":{"bicycle":"designated","fixme":"needs survey","foot":"designated","highway":"track","id":"way/367900866"},"geometry":{"type":"LineString","coordinates":[[-16.3748251,28.4209031],[-16.3751382,28.4207501],[-16.3753841,28.420593],[-16.3755882,28.4204666]]}},{"type":"Feature","id":"way/367900867","properties":{"highway":"path","sac_scale":"hiking","source":"GRAFCAN OrtoExpress Urbana 2009; PNOA","source:date":"2005","trail_visibility":"good","id":"way/367900867"},"geometry":{"type":"LineString","coordinates":[[-16.3795747,28.4305482],[-16.3795163,28.4305519],[-16.3794846,28.4306279],[-16.3794597,28.4308953],[-16.3792974,28.4311629],[-16.3790131,28.431388],[-16.3789557,28.431465],[-16.3789114,28.4315686],[-16.3787289,28.4317698],[-16.3786535,28.4319115],[-16.3785169,28.4320735],[-16.378473,28.4320988],[-16.3783868,28.4320942],[-16.3783167,28.4320521],[-16.3782369,28.4320247]]}},{"type":"Feature","id":"way/367900868","properties":{"bicycle":"no","foot":"designated","highway":"path","horse":"no","motorcycle":"no","mtb:scale":"1","sac_scale":"hiking","source":"GPS","surface":"dirt","trail_visibility":"good","id":"way/367900868"},"geometry":{"type":"LineString","coordinates":[[-16.3919102,28.4117206],[-16.3911407,28.4119492],[-16.3906687,28.4119398],[-16.3903897,28.4118077],[-16.3900142,28.4119209],[-16.3897675,28.4120153],[-16.3895314,28.4120153],[-16.3892847,28.411987],[-16.3887589,28.412053],[-16.3885014,28.412204],[-16.3881581,28.4124966],[-16.387965,28.4126004],[-16.3877719,28.4126004],[-16.3875573,28.4126947],[-16.3873427,28.412723],[-16.3865019,28.4130888]]}},{"type":"Feature","id":"way/367900870","properties":{"bicycle":"no","foot":"designated","highway":"path","horse":"no","lit":"no","motorcycle":"no","sac_scale":"hiking","source":"GPS","surface":"dirt","trail_visibility":"good","width":"1.5","id":"way/367900870"},"geometry":{"type":"LineString","coordinates":[[-16.38302,28.416924],[-16.382772,28.417175],[-16.382757,28.417229],[-16.382668,28.417316],[-16.382643,28.417364],[-16.382586,28.417618],[-16.382614,28.41773],[-16.382616,28.417835],[-16.382648,28.41794],[-16.382555,28.418114],[-16.382505,28.418182],[-16.3824095,28.4182746],[-16.382374,28.418308],[-16.38233,28.418365],[-16.382233,28.418358],[-16.382135,28.418409],[-16.382088,28.418457],[-16.381992,28.418625],[-16.381905,28.418671],[-16.381874,28.418718],[-16.381678,28.419201]]}},{"type":"Feature","id":"way/367900872","properties":{"bicycle":"no","highway":"path","horse":"no","lit":"no","motorcycle":"no","sac_scale":"hiking","source":"GPS","surface":"dirt","trail_visibility":"good","width":"1.5","id":"way/367900872"},"geometry":{"type":"LineString","coordinates":[[-16.381678,28.419201],[-16.381668,28.419243],[-16.381697,28.419285],[-16.381807,28.419298],[-16.382023,28.419252],[-16.3820901,28.4192741],[-16.381983,28.419405],[-16.381895,28.419472],[-16.381878,28.419523],[-16.381807,28.419605],[-16.38179,28.419643],[-16.381699,28.41968],[-16.381584,28.41975],[-16.3814865,28.4198785],[-16.381556,28.420019],[-16.381681,28.42012],[-16.3817867,28.4201846],[-16.381742,28.420254],[-16.381615,28.420307],[-16.381454,28.42045],[-16.381422,28.420547],[-16.381277,28.420809],[-16.381197,28.421074],[-16.381115,28.421219],[-16.380938,28.421289],[-16.380875,28.421339],[-16.380814,28.421413],[-16.380779,28.421494],[-16.380831,28.421581],[-16.380905,28.421661],[-16.381037,28.42173],[-16.38105,28.421774],[-16.381012,28.421831],[-16.380943,28.421848],[-16.380785,28.421841],[-16.380562,28.421722],[-16.380465,28.421701],[-16.3801676,28.4217515],[-16.3801898,28.4219261],[-16.3801222,28.4222127]]}},{"type":"Feature","id":"way/367900873","properties":{"highway":"track","source":"GPS","surface":"ground","tracktype":"grade3","id":"way/367900873"},"geometry":{"type":"LineString","coordinates":[[-16.3832559,28.4159281],[-16.383112,28.415978],[-16.383044,28.416111],[-16.382924,28.416195],[-16.38265,28.416275]]}},{"type":"Feature","id":"way/367900874","properties":{"foot":"designated","highway":"path","surface":"dirt","id":"way/367900874"},"geometry":{"type":"LineString","coordinates":[[-16.3780682,28.424236],[-16.378131,28.423993],[-16.3780777,28.4239073],[-16.3779382,28.4237503],[-16.3778063,28.4237116],[-16.3775005,28.4235182],[-16.3772891,28.42342],[-16.3771282,28.4233823],[-16.3769641,28.4232917],[-16.3768407,28.4232823],[-16.376728,28.4233106],[-16.3766422,28.4233908],[-16.3765456,28.423438],[-16.3764008,28.4234285],[-16.3761379,28.4233578],[-16.375977,28.423353],[-16.3759019,28.4233672],[-16.3757517,28.4234521],[-16.3756444,28.4234851],[-16.375476,28.4235238],[-16.3753547,28.4235465],[-16.3751509,28.423537],[-16.3750168,28.4235559],[-16.3747647,28.4236125],[-16.3745501,28.4237776],[-16.3745072,28.423905],[-16.3745202,28.4239905],[-16.3745878,28.4241627],[-16.3746466,28.4242777],[-16.3749202,28.4245749],[-16.3750275,28.4247684],[-16.375167,28.4249288],[-16.3752668,28.4250993],[-16.3752904,28.4251694],[-16.3752635,28.4252213],[-16.3752635,28.4252826],[-16.3752904,28.425325],[-16.3752314,28.4253628],[-16.3751348,28.4253486],[-16.3750329,28.4253156],[-16.3748269,28.4251937],[-16.3745501,28.4251127],[-16.3744353,28.4250899],[-16.3742636,28.4251701],[-16.3740941,28.4253298],[-16.3738581,28.425693],[-16.3737615,28.4259761],[-16.3737508,28.4262403],[-16.3736287,28.426419],[-16.3736203,28.4265371],[-16.3736059,28.4265941],[-16.3735308,28.4265752],[-16.3734611,28.4265375],[-16.3733914,28.4265611],[-16.3733484,28.4266224],[-16.3733322,28.4266606],[-16.3733324,28.4266979],[-16.3733645,28.4267403],[-16.3730676,28.4267363]]}},{"type":"Feature","id":"way/367900875","properties":{"highway":"track","source":"GPS","surface":"dirt","tracktype":"grade3","id":"way/367900875"},"geometry":{"type":"LineString","coordinates":[[-16.3748251,28.4209031],[-16.3750177,28.4202247],[-16.3750456,28.4201263],[-16.3753425,28.4200493],[-16.3753436,28.4195195],[-16.375447,28.4192805],[-16.3755815,28.4189099],[-16.3757197,28.4186057]]}},{"type":"Feature","id":"way/373868661","properties":{"highway":"path","id":"way/373868661"},"geometry":{"type":"LineString","coordinates":[[-16.3725821,28.4217321],[-16.3727108,28.4216037],[-16.3728911,28.4214377],[-16.373037,28.4213697]]}},{"type":"Feature","id":"way/373868662","properties":{"highway":"path","surface":"dirt","id":"way/373868662"},"geometry":{"type":"LineString","coordinates":[[-16.3752904,28.425325],[-16.3751172,28.4252476],[-16.3749682,28.4251137],[-16.3745905,28.4248269],[-16.3742386,28.4246458],[-16.3739017,28.4245339],[-16.3735605,28.424457],[-16.3732697,28.4242612]]}},{"type":"Feature","id":"way/373868663","properties":{"highway":"path","id":"way/373868663"},"geometry":{"type":"LineString","coordinates":[[-16.3699123,28.4206079],[-16.3701629,28.4208013],[-16.3704792,28.4209319],[-16.3711144,28.4210074],[-16.3716294,28.4210225],[-16.3720596,28.4209914]]}},{"type":"Feature","id":"way/373868664","properties":{"highway":"path","id":"way/373868664"},"geometry":{"type":"LineString","coordinates":[[-16.37304,28.42227],[-16.3730198,28.422117],[-16.3728911,28.4220717],[-16.3727967,28.4218453],[-16.3725821,28.4217321],[-16.3723675,28.4216339],[-16.3720928,28.4215509],[-16.3718268,28.4215207],[-16.3716551,28.4213999]]}},{"type":"Feature","id":"way/373868665","properties":{"highway":"path","id":"way/373868665"},"geometry":{"type":"LineString","coordinates":[[-16.3746147,28.4212084],[-16.3743073,28.4210527],[-16.3739897,28.4209621],[-16.373964,28.4207809],[-16.373612,28.4206526],[-16.3734232,28.4207205],[-16.3728997,28.4203658],[-16.3725477,28.4201016],[-16.3723117,28.4198647],[-16.3721213,28.4195859],[-16.3720698,28.4191042],[-16.3719856,28.4186852],[-16.3718337,28.4183286],[-16.3716524,28.4180469]]}},{"type":"Feature","id":"way/373868666","properties":{"highway":"path","id":"way/373868666"},"geometry":{"type":"LineString","coordinates":[[-16.3725477,28.4201016],[-16.3723246,28.4202525],[-16.3721787,28.4204111],[-16.3721344,28.4205312],[-16.3720757,28.4206904],[-16.3720596,28.4209914]]}},{"type":"Feature","id":"way/373868667","properties":{"highway":"path","id":"way/373868667"},"geometry":{"type":"LineString","coordinates":[[-16.3746625,28.4190692],[-16.3748308,28.4191731],[-16.374951,28.4193467],[-16.3753436,28.4195195]]}},{"type":"Feature","id":"way/373868668","properties":{"highway":"path","horse":"yes","id":"way/373868668"},"geometry":{"type":"LineString","coordinates":[[-16.3802014,28.4233869],[-16.3805815,28.4239513],[-16.3809162,28.4242532],[-16.3811308,28.4245552],[-16.3814999,28.4249175],[-16.381384,28.4255481]]}},{"type":"Feature","id":"way/373868669","properties":{"highway":"path","id":"way/373868669"},"geometry":{"type":"LineString","coordinates":[[-16.37398,28.4218857],[-16.3737837,28.4216566],[-16.3736378,28.4216415],[-16.3734318,28.4214905],[-16.3733374,28.421483],[-16.3731915,28.4213848],[-16.373037,28.4213697],[-16.3728825,28.4212489],[-16.3722645,28.4210588],[-16.3720596,28.4209914],[-16.371867,28.4209163],[-16.3718965,28.4207201],[-16.3715414,28.4205649],[-16.371079,28.4204927],[-16.3707185,28.4203101],[-16.3704277,28.4202332],[-16.3701568,28.4203139]]}},{"type":"Feature","id":"way/373868670","properties":{"highway":"path","id":"way/373868670"},"geometry":{"type":"LineString","coordinates":[[-16.3719856,28.4186852],[-16.3716465,28.4186749],[-16.3714148,28.4186522],[-16.371123,28.41869],[-16.3708269,28.4186129]]}},{"type":"Feature","id":"way/373868671","properties":{"highway":"path","horse":"yes","id":"way/373868671"},"geometry":{"type":"LineString","coordinates":[[-16.3821379,28.4252455],[-16.3814999,28.4249175]]}},{"type":"Feature","id":"way/373868672","properties":{"highway":"track","horse":"yes","id":"way/373868672"},"geometry":{"type":"LineString","coordinates":[[-16.386866,28.4217791],[-16.3867865,28.4219915],[-16.3866749,28.4222633],[-16.3865548,28.4225501],[-16.3864523,28.4228492],[-16.3863665,28.423053],[-16.3863922,28.4232342],[-16.3864859,28.4235306]]}},{"type":"Feature","id":"way/373868673","properties":{"highway":"path","id":"way/373868673"},"geometry":{"type":"LineString","coordinates":[[-16.377414,28.4256078],[-16.3772341,28.4253855],[-16.3772341,28.4251741],[-16.3772427,28.4249628],[-16.3772834,28.4246419],[-16.3772427,28.4244646],[-16.3771139,28.4243438]]}},{"type":"Feature","id":"way/373868674","properties":{"highway":"track","horse":"yes","id":"way/373868674"},"geometry":{"type":"LineString","coordinates":[[-16.3837504,28.423259],[-16.3839117,28.4235437],[-16.383783,28.4237701],[-16.3835942,28.4240872],[-16.3834826,28.4243363],[-16.3834311,28.4247212],[-16.3841456,28.4247066],[-16.3844197,28.4247203],[-16.38474,28.4247175],[-16.3851895,28.4247042],[-16.3856531,28.4246653]]}},{"type":"Feature","id":"way/373868675","properties":{"highway":"path","id":"way/373868675"},"geometry":{"type":"LineString","coordinates":[[-16.3837423,28.4228622],[-16.3842974,28.4225879],[-16.3846037,28.4223444],[-16.3849937,28.4221916],[-16.3853022,28.4220099],[-16.385469,28.4219217],[-16.3859609,28.4217552]]}},{"type":"Feature","id":"way/373868676","properties":{"highway":"path","id":"way/373868676"},"geometry":{"type":"LineString","coordinates":[[-16.3725477,28.4201016],[-16.3727623,28.419943],[-16.3729152,28.4199074],[-16.3730541,28.4198751],[-16.3733116,28.4199279],[-16.3735691,28.4200034],[-16.3738438,28.4199808],[-16.3740841,28.420094],[-16.374642,28.4201242],[-16.3750177,28.4202247],[-16.3752342,28.4202827],[-16.3755882,28.4204666]]}},{"type":"Feature","id":"way/373868677","properties":{"highway":"path","id":"way/373868677"},"geometry":{"type":"LineString","coordinates":[[-16.3744005,28.4190338],[-16.3743073,28.41909],[-16.3739983,28.4191882],[-16.3737448,28.4191834],[-16.3733975,28.419007],[-16.3731314,28.4188032],[-16.3729647,28.4186846]]}},{"type":"Feature","id":"way/373868678","properties":{"highway":"path","id":"way/373868678"},"geometry":{"type":"LineString","coordinates":[[-16.3737448,28.4191834],[-16.3734492,28.4193662],[-16.3731743,28.419543],[-16.3729152,28.4199074]]}},{"type":"Feature","id":"way/373868679","properties":{"highway":"path","id":"way/373868679"},"geometry":{"type":"LineString","coordinates":[[-16.3742636,28.4251701],[-16.3744274,28.4254912],[-16.3746935,28.4256572],[-16.3749682,28.425861],[-16.3751656,28.4260648],[-16.3753973,28.4263215],[-16.3757406,28.4264422],[-16.3760153,28.426412],[-16.37629,28.4262686],[-16.3767105,28.426095],[-16.3771054,28.4261328],[-16.3773886,28.4261328],[-16.3776605,28.4260352]]}},{"type":"Feature","id":"way/375921545","properties":{"highway":"track","id":"way/375921545"},"geometry":{"type":"LineString","coordinates":[[-16.3712399,28.4227283],[-16.3710164,28.4228991],[-16.3709674,28.4229738],[-16.3709191,28.4232757],[-16.370903,28.4233619],[-16.3708708,28.4235352],[-16.3708861,28.423531]]}},{"type":"Feature","id":"way/375921546","properties":{"highway":"path","id":"way/375921546"},"geometry":{"type":"LineString","coordinates":[[-16.3720854,28.4264197],[-16.3719223,28.4265262],[-16.371791,28.4266084]]}},{"type":"Feature","id":"way/375921548","properties":{"highway":"path","id":"way/375921548"},"geometry":{"type":"LineString","coordinates":[[-16.3745202,28.4239905],[-16.3747547,28.4241438],[-16.3749819,28.4242714],[-16.3751463,28.424375],[-16.3753254,28.4244981],[-16.3755325,28.4245967],[-16.3758168,28.4247571],[-16.3760153,28.4248279],[-16.3761548,28.4248609]]}},{"type":"Feature","id":"way/375921549","properties":{"highway":"path","id":"way/375921549"},"geometry":{"type":"LineString","coordinates":[[-16.3745202,28.4239905],[-16.3747922,28.4238985],[-16.3749961,28.4238985],[-16.3751785,28.4239221],[-16.3753287,28.4239079],[-16.3754842,28.4239362],[-16.3757739,28.4239739],[-16.3759348,28.424007],[-16.3761172,28.4240353],[-16.3763425,28.4240636],[-16.3765249,28.4240919],[-16.3766912,28.4241721],[-16.3768897,28.4242287],[-16.3770131,28.42429],[-16.3771139,28.4243438]]}},{"type":"Feature","id":"way/393262764","properties":{"highway":"path","id":"way/393262764"},"geometry":{"type":"LineString","coordinates":[[-16.3745859,28.4189346],[-16.3745959,28.4190436],[-16.3746625,28.4190692]]}},{"type":"Feature","id":"way/393262765","properties":{"highway":"path","id":"way/393262765"},"geometry":{"type":"LineString","coordinates":[[-16.3958144,28.4089522],[-16.3956677,28.4089828],[-16.3954038,28.4090918],[-16.3952157,28.4092806],[-16.3950752,28.4094313],[-16.3949395,28.4095469],[-16.3947305,28.4096974],[-16.3945479,28.4098159],[-16.3944468,28.4099044],[-16.3943074,28.4099468],[-16.3941755,28.4100108],[-16.3940601,28.4100472],[-16.3938902,28.4101518],[-16.3937358,28.4102511],[-16.3935559,28.4103292],[-16.39337,28.4104852],[-16.3929367,28.4107069],[-16.3925915,28.4107496],[-16.3921629,28.4108798],[-16.3916326,28.4110627],[-16.3912356,28.4110966],[-16.3909312,28.4111955],[-16.3907969,28.4112569]]}},{"type":"Feature","id":"way/393262779","properties":{"highway":"path","source":"GPS","trail_visibility":"bad","width":"0.4","id":"way/393262779"},"geometry":{"type":"LineString","coordinates":[[-16.3757197,28.4186057],[-16.3757101,28.4185276],[-16.3757209,28.418504],[-16.3757544,28.4184863],[-16.3759274,28.4184061],[-16.3760374,28.4184285],[-16.3761508,28.4184128],[-16.3761916,28.4183967],[-16.3761929,28.4183448],[-16.3762292,28.4182787],[-16.3763177,28.4182681],[-16.3763954,28.418333],[-16.3764357,28.4183165],[-16.37635,28.41803],[-16.37617,28.418],[-16.37594,28.41809],[-16.37589,28.41805],[-16.37581,28.41792],[-16.37589,28.41783],[-16.37596,28.41785],[-16.3760458,28.4177911]]}},{"type":"Feature","id":"way/396839943","properties":{"highway":"track","mtb:scale":"1","name":"Pista los Ovejeros","source":"survey","surface":"dirt","tracktype":"grade2","id":"way/396839943"},"geometry":{"type":"LineString","coordinates":[[-16.3862564,28.4189642],[-16.38628,28.418542],[-16.3865426,28.4179601],[-16.38671,28.417747],[-16.3872023,28.4172486],[-16.3879662,28.4165918],[-16.3883267,28.4163729],[-16.3883382,28.4162803],[-16.3882923,28.4160634],[-16.3882271,28.4157915],[-16.3884211,28.4155425],[-16.3888588,28.4154595],[-16.389142,28.4153161],[-16.389167,28.4152908],[-16.3892059,28.4151941],[-16.3892018,28.4150596],[-16.389198,28.415022],[-16.388979,28.4146593],[-16.3891163,28.4143573],[-16.3894167,28.4139044],[-16.3901119,28.4136561],[-16.3903337,28.4134487],[-16.390403,28.4133115],[-16.3903531,28.4132569],[-16.3902315,28.4132472],[-16.3899824,28.4132641],[-16.3893351,28.4131619],[-16.3888351,28.4132621],[-16.3883867,28.4132552],[-16.3880262,28.4134363],[-16.387097,28.4133092],[-16.386602,28.413177],[-16.3865019,28.4130888]]}},{"type":"Feature","id":"way/396839944","properties":{"bicycle":"yes","check_date:surface":"2026-01-01","highway":"track","mtb:scale":"1","name":"Pista los Ovejeros","source":"survey","surface":"dirt","tracktype":"grade3","id":"way/396839944"},"geometry":{"type":"LineString","coordinates":[[-16.386866,28.4217791],[-16.3868418,28.4215211],[-16.3866272,28.4210682],[-16.3866272,28.4206229],[-16.3864712,28.42],[-16.3863722,28.4196048],[-16.3864938,28.4192866],[-16.386397,28.4191552],[-16.3862564,28.4189642]]}},{"type":"Feature","id":"way/396839948","properties":{"access":"yes","highway":"service","source":"GRAFCAN OrtoExpress Urbana 2009","surface":"asphalt","id":"way/396839948"},"geometry":{"type":"LineString","coordinates":[[-16.3759781,28.4209516],[-16.3762126,28.4210569],[-16.3763119,28.421062],[-16.3764248,28.4210278],[-16.3766681,28.4207984],[-16.3770028,28.4207847],[-16.3772631,28.4209591],[-16.3774991,28.4209969],[-16.3775206,28.4207893],[-16.3773918,28.4204685],[-16.3774991,28.420242]]}},{"type":"Feature","id":"way/396839949","properties":{"access":"yes","check_date:surface":"2026-01-01","highway":"service","smoothness":"good","source":"GRAFCAN OrtoExpress Urbana 2009","surface":"asphalt","id":"way/396839949"},"geometry":{"type":"LineString","coordinates":[[-16.3774991,28.420242],[-16.3780173,28.4199908]]}},{"type":"Feature","id":"way/396839950","properties":{"highway":"path","surface":"compacted","id":"way/396839950"},"geometry":{"type":"LineString","coordinates":[[-16.3755882,28.4204666],[-16.3757011,28.4205553],[-16.3761404,28.4208593],[-16.3759781,28.4209516]]}},{"type":"Feature","id":"way/396839951","properties":{"highway":"service","source":"GRAFCAN OrtoExpress Urbana 2009","id":"way/396839951"},"geometry":{"type":"LineString","coordinates":[[-16.3710197,28.4248151],[-16.3711322,28.4250385],[-16.3712447,28.4251833],[-16.371552,28.4256585],[-16.3716867,28.4258668],[-16.3717017,28.4259576],[-16.3716855,28.4260524]]}},{"type":"Feature","id":"way/397082142","properties":{"highway":"path","lit":"no","surface":"dirt","trail_visibility":"bad","id":"way/397082142"},"geometry":{"type":"LineString","coordinates":[[-16.3803826,28.4203044],[-16.3806723,28.4202194],[-16.3811551,28.4199835],[-16.3812838,28.4198703],[-16.3813337,28.4198496]]}},{"type":"Feature","id":"way/397082144","properties":{"highway":"path","surface":"dirt","id":"way/397082144"},"geometry":{"type":"LineString","coordinates":[[-16.3774991,28.420242],[-16.377612,28.4201188],[-16.3780264,28.4199249],[-16.3782563,28.4198173],[-16.378336,28.4198363]]}},{"type":"Feature","id":"way/397082149","properties":{"highway":"path","surface":"dirt","trail_visibility":"bad","id":"way/397082149"},"geometry":{"type":"LineString","coordinates":[[-16.3803826,28.4203044],[-16.3800205,28.4203197],[-16.3799891,28.4203973],[-16.3799427,28.4205119],[-16.3796523,28.4203657]]}},{"type":"Feature","id":"way/397084286","properties":{"highway":"path","id":"way/397084286"},"geometry":{"type":"LineString","coordinates":[[-16.3753436,28.4195195],[-16.3755958,28.4196153],[-16.3759731,28.4198703],[-16.3765095,28.419993],[-16.3769923,28.420059],[-16.3774991,28.420242]]}},{"type":"Feature","id":"way/485961655","properties":{"disused":"no","highway":"path","name":"Canal Río-Portezuelo","waterway":"ditch","waterway:location":"underground","id":"way/485961655"},"geometry":{"type":"LineString","coordinates":[[-16.3635522,28.4110044],[-16.3633995,28.4112545],[-16.3632922,28.4113901],[-16.3631286,28.4115081],[-16.3628,28.4115694],[-16.3626753,28.4115305],[-16.3625251,28.4115116],[-16.3623802,28.4115423],[-16.362281,28.4116001],[-16.3621683,28.4117157],[-16.362115,28.4117362],[-16.3620557,28.4117192],[-16.3619243,28.411639],[-16.3617405,28.4115022],[-16.3615434,28.411271],[-16.3613959,28.4111188],[-16.361251,28.4110728],[-16.3611558,28.4110846],[-16.3610901,28.4111129],[-16.3609104,28.4112863],[-16.3607951,28.4114126],[-16.3607535,28.411514],[-16.3607736,28.4117452],[-16.3607629,28.4118289],[-16.3607253,28.411954],[-16.3606998,28.4121262],[-16.3606314,28.4122713],[-16.3606006,28.4122984],[-16.3605872,28.4123774],[-16.3605335,28.4125072],[-16.3605027,28.4125331],[-16.360458,28.412546],[-16.3604061,28.4125249],[-16.3603713,28.4124223],[-16.3603257,28.4123421],[-16.3602506,28.4122772],[-16.3601755,28.41225],[-16.360095,28.4122996],[-16.360044,28.4123727],[-16.3600279,28.4124671],[-16.3600092,28.4126016],[-16.3599515,28.4126381],[-16.3598938,28.4126393],[-16.3598388,28.4126594],[-16.3597249,28.4127702],[-16.3594043,28.413143],[-16.3592501,28.4133034],[-16.3591602,28.4133907],[-16.3589685,28.4134143],[-16.3585755,28.4134615],[-16.3584079,28.4135075],[-16.3583221,28.4135641],[-16.3582657,28.4136242],[-16.3580766,28.4138071],[-16.35796,28.4139038],[-16.3578849,28.4139144],[-16.3575858,28.4138542],[-16.3571888,28.4138601],[-16.3568334,28.4139132],[-16.3565572,28.4139993],[-16.3564432,28.4141232],[-16.3563171,28.414286],[-16.3561535,28.4145101],[-16.3560811,28.4145891],[-16.3560918,28.4146717],[-16.3561334,28.4147519],[-16.3562916,28.4148474],[-16.3564003,28.4149182],[-16.3564432,28.4150055],[-16.3564579,28.415147],[-16.3564445,28.4152461],[-16.3562688,28.4154808],[-16.3561428,28.4156342],[-16.3560288,28.4157321],[-16.3557766,28.4157804],[-16.3557176,28.415804],[-16.3556881,28.4158595],[-16.3557069,28.4159727],[-16.3557176,28.4160564],[-16.3557351,28.4161272],[-16.355778,28.4161862],[-16.3559628,28.4163513],[-16.3559649,28.416389],[-16.3559483,28.4164174],[-16.3559186,28.4164315],[-16.3558596,28.4164232]]}},{"type":"Feature","id":"way/485961657","properties":{"disused":"no","highway":"path","name":"Canal Río-Portezuelo","waterway":"ditch","waterway:location":"underground","id":"way/485961657"},"geometry":{"type":"LineString","coordinates":[[-16.3667222,28.4119913],[-16.3668057,28.4118761],[-16.3666622,28.4113795],[-16.3666074,28.4113583],[-16.3665468,28.4113901],[-16.3664398,28.4114704],[-16.3663888,28.4114774],[-16.3663484,28.4114621],[-16.3662317,28.4113087],[-16.3659822,28.4111931],[-16.3658555,28.4110705],[-16.3656201,28.4108428],[-16.365537,28.4108168],[-16.3653374,28.4108275],[-16.3651496,28.4108098],[-16.3650504,28.4107319],[-16.3648774,28.4106222],[-16.3647963,28.410594],[-16.3646478,28.4105809],[-16.3642894,28.4107386],[-16.3639263,28.4110362],[-16.3638469,28.4110605],[-16.3638164,28.4110704],[-16.363693,28.4109902],[-16.3635522,28.4110044]]}},{"type":"Feature","id":"way/487008864","properties":{"highway":"path","mtb:scale":"1","source":"GRAFCAN OrtoExpress Urbana 2009; GPS","tracktype":"grade2","id":"way/487008864"},"geometry":{"type":"LineString","coordinates":[[-16.3856044,28.4327224],[-16.3855934,28.4330343],[-16.3856015,28.4331734],[-16.3856068,28.4332867],[-16.3855398,28.4333975],[-16.3854405,28.4335155],[-16.385403,28.43369],[-16.3854298,28.4338409],[-16.3854057,28.4340273],[-16.3853467,28.4342183],[-16.385285,28.4344424],[-16.3852125,28.4346004],[-16.3852072,28.4347844],[-16.3852152,28.4351547],[-16.3851455,28.4354283],[-16.3852796,28.4355769],[-16.3855083,28.4356021]]}},{"type":"Feature","id":"way/503746077","properties":{"highway":"path","id":"way/503746077"},"geometry":{"type":"LineString","coordinates":[[-16.3831454,28.4301785],[-16.3832828,28.430222],[-16.3834311,28.4302654],[-16.3836015,28.4302799],[-16.3837773,28.4302606],[-16.3840465,28.430164],[-16.3842938,28.4300383],[-16.3844971,28.4299803],[-16.3845753,28.4300055]]}},{"type":"Feature","id":"way/557741276","properties":{"highway":"track","id":"way/557741276"},"geometry":{"type":"LineString","coordinates":[[-16.3655475,28.4196306],[-16.3660106,28.4199444]]}},{"type":"Feature","id":"way/557741277","properties":{"highway":"service","id":"way/557741277"},"geometry":{"type":"LineString","coordinates":[[-16.3639191,28.418638],[-16.3640165,28.4187103],[-16.3642202,28.4188683],[-16.3644277,28.4189662],[-16.3647605,28.4191165],[-16.3654007,28.4195349],[-16.3655475,28.4196306]]}},{"type":"Feature","id":"way/560749969","properties":{"highway":"service","service":"alley","id":"way/560749969"},"geometry":{"type":"LineString","coordinates":[[-16.3728194,28.4315294],[-16.3726524,28.4319643],[-16.3726437,28.431987],[-16.3726316,28.4320778],[-16.3725284,28.4323444]]}},{"type":"Feature","id":"way/567541363","properties":{"highway":"path","surface":"dirt","id":"way/567541363"},"geometry":{"type":"LineString","coordinates":[[-16.380118,28.4193885],[-16.380211,28.4196627],[-16.380329,28.4200685],[-16.3803826,28.4203044]]}},{"type":"Feature","id":"way/570468112","properties":{"bicycle":"designated","highway":"track","source":"GPS","surface":"dirt","tracktype":"grade3","id":"way/570468112"},"geometry":{"type":"LineString","coordinates":[[-16.3713265,28.4231052],[-16.3712125,28.4228933],[-16.3712399,28.4227283]]}},{"type":"Feature","id":"way/570468116","properties":{"highway":"path","surface":"dirt","id":"way/570468116"},"geometry":{"type":"LineString","coordinates":[[-16.3780173,28.4199908],[-16.3780264,28.4199249]]}},{"type":"Feature","id":"way/570468117","properties":{"access":"yes","check_date:surface":"2026-01-01","highway":"service","smoothness":"good","source":"GRAFCAN OrtoExpress Urbana 2009","surface":"asphalt","id":"way/570468117"},"geometry":{"type":"LineString","coordinates":[[-16.3780173,28.4199908],[-16.378336,28.4198363]]}},{"type":"Feature","id":"way/577312346","properties":{"foot":"designated","highway":"path","id":"way/577312346"},"geometry":{"type":"LineString","coordinates":[[-16.3660385,28.4242892],[-16.3660388,28.4245439],[-16.3660951,28.4246878],[-16.3663191,28.4248801],[-16.3663634,28.4249308]]}},{"type":"Feature","id":"way/577312347","properties":{"highway":"residential","surface":"concrete","id":"way/577312347"},"geometry":{"type":"LineString","coordinates":[[-16.3656284,28.4228503],[-16.3657129,28.4229352],[-16.3658953,28.4231781],[-16.3661018,28.4235037],[-16.3661446,28.423532]]}},{"type":"Feature","id":"way/577312349","properties":{"access":"private","highway":"service","service":"driveway","id":"way/577312349"},"geometry":{"type":"LineString","coordinates":[[-16.3683629,28.4214354],[-16.368747,28.4212786],[-16.3689053,28.4212404],[-16.3689423,28.4212096],[-16.3689418,28.4211693],[-16.3689099,28.4211316]]}},{"type":"Feature","id":"way/577312354","properties":{"access":"private","highway":"track","id":"way/577312354"},"geometry":{"type":"LineString","coordinates":[[-16.3649766,28.4171396],[-16.3651803,28.4171085],[-16.3652271,28.4171013],[-16.3653751,28.4170379],[-16.3654563,28.4169358],[-16.3654857,28.4168712],[-16.3655768,28.4168273],[-16.3656237,28.4167882],[-16.3656386,28.416711],[-16.3655621,28.4166076],[-16.365521,28.416499],[-16.3655357,28.4164266],[-16.3655945,28.4163982],[-16.3661029,28.4164964]]}},{"type":"Feature","id":"way/740497201","properties":{"highway":"track","id":"way/740497201"},"geometry":{"type":"LineString","coordinates":[[-16.3726524,28.4319643],[-16.3725918,28.4319656],[-16.3725489,28.4319553],[-16.3724231,28.4319005],[-16.3720793,28.4317716],[-16.3718418,28.4316758],[-16.3718042,28.4316632],[-16.3717834,28.4316621],[-16.3717614,28.4316666],[-16.3717302,28.4316872],[-16.3716511,28.4317819],[-16.3716227,28.4318401],[-16.3716032,28.4319165],[-16.3715824,28.4319884],[-16.3715734,28.4320352],[-16.3715617,28.4320568],[-16.3715409,28.4320717],[-16.3715176,28.432082],[-16.3714968,28.4320728],[-16.3714696,28.432058],[-16.3714462,28.4320409]]}},{"type":"Feature","id":"way/740497202","properties":{"highway":"track","id":"way/740497202"},"geometry":{"type":"LineString","coordinates":[[-16.3711621,28.4323832],[-16.3711192,28.4324448],[-16.371079,28.4325201],[-16.3710492,28.4326102],[-16.3710116,28.4327038],[-16.3709674,28.432851],[-16.3709207,28.4330221],[-16.3708649,28.4331887],[-16.3707923,28.4333861],[-16.370695,28.4336257],[-16.3706833,28.4336645],[-16.3706742,28.433701],[-16.370669,28.4337215],[-16.3706509,28.4337591],[-16.370416,28.434393]]}},{"type":"Feature","id":"way/837478849","properties":{"highway":"path","id":"way/837478849"},"geometry":{"type":"LineString","coordinates":[[-16.3780435,28.4260699],[-16.3780678,28.4260656],[-16.3781429,28.4260317],[-16.3783092,28.4259902],[-16.3786096,28.4259496],[-16.3788591,28.4259354],[-16.3790039,28.4259902],[-16.3791005,28.4260298],[-16.3791023,28.4260703]]}},{"type":"Feature","id":"way/837478850","properties":{"highway":"path","id":"way/837478850"},"geometry":{"type":"LineString","coordinates":[[-16.3789962,28.4262316],[-16.3790093,28.4261732],[-16.379071,28.4261411],[-16.3791023,28.4260703]]}},{"type":"Feature","id":"way/850925814","properties":{"highway":"track","id":"way/850925814"},"geometry":{"type":"LineString","coordinates":[[-16.385952,28.4216221],[-16.386034,28.4215479],[-16.3861466,28.4213781],[-16.3863397,28.4210573],[-16.3864674,28.420778],[-16.3864685,28.4205006],[-16.3864712,28.42]]}},{"type":"Feature","id":"way/868407813","properties":{"highway":"path","id":"way/868407813"},"geometry":{"type":"LineString","coordinates":[[-16.3836748,28.4224885],[-16.3836194,28.4225024],[-16.3835176,28.4225537],[-16.3833674,28.4225796],[-16.3832306,28.4226009],[-16.3829972,28.4226457],[-16.3829085,28.4226712]]}},{"type":"Feature","id":"way/871603719","properties":{"highway":"path","id":"way/871603719"},"geometry":{"type":"LineString","coordinates":[[-16.3776605,28.4260352],[-16.3776423,28.4260689],[-16.3775377,28.4261798],[-16.3773553,28.4263308],[-16.3773044,28.4264228],[-16.3773553,28.4265289],[-16.3775511,28.426661],[-16.377476,28.4268733],[-16.3774117,28.4269582],[-16.3773875,28.4270762],[-16.377415,28.4271495]]}},{"type":"Feature","id":"way/871603720","properties":{"highway":"path","surface":"dirt","id":"way/871603720"},"geometry":{"type":"LineString","coordinates":[[-16.3763358,28.4288785],[-16.3763066,28.428949],[-16.3762583,28.4290198],[-16.3761296,28.4290552],[-16.3760572,28.4290434],[-16.3760706,28.4288806],[-16.376143,28.4287509],[-16.3761457,28.4286306],[-16.3760867,28.4284065],[-16.3760411,28.4283098],[-16.3759713,28.4282909]]}},{"type":"Feature","id":"way/871603721","properties":{"highway":"track","lit":"no","surface":"dirt","id":"way/871603721"},"geometry":{"type":"LineString","coordinates":[[-16.3725895,28.4275858],[-16.3725622,28.4275691],[-16.3724724,28.4274299],[-16.3723665,28.4273946],[-16.3721787,28.4273333],[-16.3720258,28.4273215],[-16.3719319,28.4272507],[-16.3717924,28.4272389],[-16.3715484,28.4272082],[-16.3714008,28.427121],[-16.371243,28.4270303]]}},{"type":"Feature","id":"way/871603722","properties":{"highway":"path","lit":"no","surface":"dirt","id":"way/871603722"},"geometry":{"type":"LineString","coordinates":[[-16.3725895,28.4275858],[-16.3726293,28.4276092],[-16.3727339,28.4276894],[-16.372809,28.4277696],[-16.37286,28.4278899],[-16.3728385,28.4279725],[-16.3727822,28.4280952],[-16.3727875,28.4281801],[-16.3728841,28.4283169],[-16.3730102,28.4284442],[-16.3731416,28.4284796],[-16.3731899,28.4285858],[-16.3731979,28.4286306],[-16.3732945,28.4287367],[-16.3734286,28.4288665],[-16.373501,28.4289396],[-16.3735949,28.428975],[-16.3737049,28.428982],[-16.373729,28.429008],[-16.3737639,28.4290929],[-16.3738336,28.4291354],[-16.3739865,28.4291613],[-16.3740643,28.4291094],[-16.374075,28.4290599],[-16.3741823,28.4290339],[-16.3743164,28.4290575],[-16.3745203,28.429067],[-16.3746191,28.4290728]]}},{"type":"Feature","id":"way/871603723","properties":{"highway":"path","surface":"dirt","id":"way/871603723"},"geometry":{"type":"LineString","coordinates":[[-16.377415,28.4271495],[-16.3774385,28.4272318],[-16.3774542,28.4273118]]}},{"type":"Feature","id":"way/871603724","properties":{"highway":"path","id":"way/871603724"},"geometry":{"type":"LineString","coordinates":[[-16.3735949,28.428975],[-16.3736003,28.429008],[-16.3736727,28.4291236],[-16.3737746,28.4292274],[-16.3739436,28.4293311],[-16.3739919,28.4294279],[-16.374024,28.4295364],[-16.3741313,28.4296189],[-16.3742038,28.429659],[-16.3743084,28.4298123],[-16.3744022,28.4299609],[-16.374472,28.430027],[-16.3745222,28.4300433]]}},{"type":"Feature","id":"way/1087909665","properties":{"highway":"path","id":"way/1087909665"},"geometry":{"type":"LineString","coordinates":[[-16.3796736,28.4235904],[-16.3797446,28.4239418],[-16.3798626,28.4241352],[-16.3800128,28.4244701],[-16.3800957,28.424801],[-16.3801523,28.4250268],[-16.3802971,28.4255835],[-16.3803937,28.4258477],[-16.3805291,28.426101]]}},{"type":"Feature","id":"way/1087909666","properties":{"highway":"path","id":"way/1087909666"},"geometry":{"type":"LineString","coordinates":[[-16.3800957,28.424801],[-16.3804259,28.4250551],[-16.3806136,28.4253052],[-16.3808228,28.4254939],[-16.3808872,28.4257062],[-16.3809596,28.4258848]]}},{"type":"Feature","id":"way/1087909667","properties":{"highway":"path","id":"way/1087909667"},"geometry":{"type":"LineString","coordinates":[[-16.3791005,28.4260298],[-16.3792403,28.4259881],[-16.3794201,28.4259881],[-16.37964,28.4259668],[-16.3799377,28.4259149],[-16.3800814,28.4259378]]}},{"type":"Feature","id":"way/1107961462","properties":{"highway":"path","trail_visibility":"intermediate","id":"way/1107961462"},"geometry":{"type":"LineString","coordinates":[[-16.3869624,28.4114807],[-16.3868299,28.4114597],[-16.3866274,28.4113748],[-16.3864383,28.4112852],[-16.3863418,28.4112038],[-16.3862801,28.4110705],[-16.386272,28.4109997]]}},{"type":"Feature","id":"way/1152253842","properties":{"highway":"track","id":"way/1152253842"},"geometry":{"type":"LineString","coordinates":[[-16.3800046,28.4227195],[-16.3795274,28.4223801],[-16.3789802,28.4220876],[-16.3785296,28.4219178],[-16.3783687,28.4217951],[-16.3783258,28.4215121],[-16.3782614,28.4213045],[-16.3780683,28.4211063]]}},{"type":"Feature","id":"way/1152253843","properties":{"highway":"path","surface":"ground","id":"way/1152253843"},"geometry":{"type":"LineString","coordinates":[[-16.3784645,28.4197975],[-16.3783418,28.4197122],[-16.3781273,28.4196414],[-16.377777,28.4196025]]}},{"type":"Feature","id":"way/1152253844","properties":{"highway":"track","id":"way/1152253844"},"geometry":{"type":"LineString","coordinates":[[-16.371552,28.4256585],[-16.3713788,28.4256189],[-16.3712125,28.4256519],[-16.3708907,28.4256377],[-16.3707083,28.425567],[-16.3705849,28.4255151],[-16.3704937,28.4252745],[-16.3702899,28.4250999],[-16.3701879,28.4248499],[-16.3699836,28.4245912],[-16.369968,28.4245715],[-16.36985,28.4243734],[-16.3695174,28.4240715],[-16.3694959,28.4239394],[-16.3694316,28.4237931],[-16.369276,28.4238026],[-16.3690882,28.4238497],[-16.3689058,28.4238592],[-16.3688629,28.423661],[-16.3687878,28.4234959],[-16.3688307,28.4233638],[-16.3692331,28.423293],[-16.3692802,28.4232803],[-16.3693725,28.4232553],[-16.3693457,28.4230005],[-16.369335,28.4228496],[-16.3690453,28.4227411],[-16.3690829,28.4223589],[-16.3691311,28.4221089],[-16.3693511,28.4217833]]}},{"type":"Feature","id":"way/1152253845","properties":{"highway":"path","id":"way/1152253845"},"geometry":{"type":"LineString","coordinates":[[-16.3692802,28.4232803],[-16.3691955,28.4231326],[-16.3690936,28.4229958],[-16.3689756,28.4228967],[-16.3687932,28.4228543],[-16.3686591,28.4227552],[-16.3686227,28.4226043],[-16.3686054,28.422458],[-16.3686644,28.4223872],[-16.3687342,28.4222079],[-16.3687288,28.42209],[-16.368702,28.4220051],[-16.3686752,28.4217173],[-16.3687342,28.4215003],[-16.3689702,28.421321],[-16.3689418,28.4211693]]}},{"type":"Feature","id":"way/1152253846","properties":{"highway":"path","id":"way/1152253846"},"geometry":{"type":"LineString","coordinates":[[-16.3686591,28.4227552],[-16.368702,28.4229451],[-16.3686778,28.4230135],[-16.3686081,28.4230324],[-16.3685116,28.4230112],[-16.3684311,28.4230277],[-16.3683372,28.4230725],[-16.368136,28.4230489],[-16.3679697,28.4230277],[-16.3677954,28.4230843],[-16.3677123,28.423214],[-16.3676854,28.423365],[-16.3675299,28.4236764],[-16.3674279,28.4238108],[-16.3672321,28.4238415],[-16.3670122,28.4239689],[-16.3668137,28.4241528],[-16.3666608,28.4242401],[-16.3664436,28.4243604],[-16.3661722,28.4243472]]}},{"type":"Feature","id":"way/1152253847","properties":{"highway":"track","id":"way/1152253847"},"geometry":{"type":"LineString","coordinates":[[-16.366836,28.426561],[-16.3669559,28.4265895],[-16.3670551,28.4265447],[-16.3671973,28.426507],[-16.3673528,28.4265164],[-16.3674762,28.4265117],[-16.3676237,28.4265423],[-16.367723,28.4266013],[-16.3678356,28.4266273],[-16.3679858,28.426632],[-16.3680797,28.4266509],[-16.3681602,28.4266792],[-16.3682648,28.4266697],[-16.368356,28.4267004],[-16.3684606,28.4266768],[-16.3685759,28.426698],[-16.3686725,28.4267004],[-16.3688415,28.4267546],[-16.3689488,28.4267452],[-16.3690346,28.4267782],[-16.3691365,28.4267594],[-16.3692411,28.4267098],[-16.3693645,28.4266532],[-16.3695093,28.4265612],[-16.3696665,28.4265395]]}},{"type":"Feature","id":"way/1152253848","properties":{"highway":"path","lit":"no","surface":"dirt","id":"way/1152253848"},"geometry":{"type":"LineString","coordinates":[[-16.3696665,28.4265395],[-16.3697427,28.4264834],[-16.3697883,28.4264692],[-16.3698795,28.4264669],[-16.3699439,28.4264456],[-16.3700619,28.4263749],[-16.3701638,28.4263843],[-16.370196,28.4263749],[-16.3703542,28.4264268],[-16.370491,28.4264881],[-16.3706225,28.4265707],[-16.3707217,28.4267122],[-16.3707861,28.426849],[-16.3708183,28.4269316],[-16.3709094,28.4269339],[-16.3710382,28.4269551],[-16.3711669,28.4269905],[-16.371243,28.4270303]]}},{"type":"Feature","id":"way/1158037491","properties":{"highway":"path","id":"way/1158037491"},"geometry":{"type":"LineString","coordinates":[[-16.3748308,28.4191731],[-16.3748155,28.4190672],[-16.3746863,28.4188908]]}},{"type":"Feature","id":"way/1164903057","properties":{"highway":"path","id":"way/1164903057"},"geometry":{"type":"LineString","coordinates":[[-16.370903,28.4233619],[-16.3705981,28.4234352],[-16.370456,28.4235649],[-16.370405,28.4236923],[-16.3703702,28.4240037],[-16.3703433,28.4242702],[-16.3703246,28.4244141],[-16.3702736,28.4244967],[-16.3702387,28.4245698],[-16.3699836,28.4245912]]}},{"type":"Feature","id":"way/1493237022","properties":{"highway":"secondary","lanes":"1","oneway":"yes","ref":"TF-276","source":"GRAFCAN OrtoExpress Urbana 2009","surface":"asphalt","id":"way/1493237022"},"geometry":{"type":"LineString","coordinates":[[-16.3778914,28.426163],[-16.3779042,28.4260533],[-16.3778283,28.425875]]}}]}